-- Patient data
insert into Patient (patientID, firstName, lastName, birthDate, age) values (1, 'Orson', 'Brownsey', '2002-09-10', 20);
insert into Patient (patientID, firstName, lastName, birthDate, age) values (2, 'Alvin', 'Behnecken', '2000-01-23', 22);
insert into Patient (patientID, firstName, lastName, birthDate, age) values (3, 'Belia', 'Hawney', '2005-10-18', 17);
insert into Patient (patientID, firstName, lastName, birthDate, age) values (4, 'Stace', 'Chillistone', '2002-05-03', 20);
insert into Patient (patientID, firstName, lastName, birthDate, age) values (5, 'Trueman', 'Huxster', '1999-03-04', 23);
insert into Patient (patientID, firstName, lastName, birthDate, age) values (6, 'Normand', 'Novello', '1999-12-30', 22);
insert into Patient (patientID, firstName, lastName, birthDate, age) values (7, 'Law', 'Bladon', '2002-08-07', 20);
insert into Patient (patientID, firstName, lastName, birthDate, age) values (8, 'Callie', 'Tassel', '2000-07-15', 22);
insert into Patient (patientID, firstName, lastName, birthDate, age) values (9, 'Trumaine', 'Barnewille', '2000-09-08', 22);
insert into Patient (patientID, firstName, lastName, birthDate, age) values (10, 'Marji', 'Lyddiard', '2001-10-21', 21);
insert into Patient (patientID, firstName, lastName, birthDate, age) values (11, 'Corly', 'Creeber', '2004-06-05', 18);
insert into Patient (patientID, firstName, lastName, birthDate, age) values (12, 'Krisha', 'Denge', '2003-12-13', 18);
insert into Patient (patientID, firstName, lastName, birthDate, age) values (13, 'Karel', 'Juzek', '2002-05-29', 20);
insert into Patient (patientID, firstName, lastName, birthDate, age) values (14, 'Leyla', 'Munson', '1999-06-14', 23);
insert into Patient (patientID, firstName, lastName, birthDate, age) values (15, 'Stanton', 'Valerio', '2002-06-17', 20);
insert into Patient (patientID, firstName, lastName, birthDate, age) values (16, 'Ilise', 'Collman', '2001-03-18', 21);
insert into Patient (patientID, firstName, lastName, birthDate, age) values (17, 'Carey', 'Roistone', '2000-09-17', 22);
insert into Patient (patientID, firstName, lastName, birthDate, age) values (18, 'Rosalinda', 'Chapleo', '2001-07-03', 21);
insert into Patient (patientID, firstName, lastName, birthDate, age) values (19, 'Raven', 'Kivelle', '2001-01-06', 21);
insert into Patient (patientID, firstName, lastName, birthDate, age) values (20, 'Ardine', 'Headford', '2002-03-04', 20);
insert into Patient (patientID, firstName, lastName, birthDate, age) values (21, 'Ashli', 'Ludlem', '2000-06-11', 22);
insert into Patient (patientID, firstName, lastName, birthDate, age) values (22, 'Fonz', 'Littledike', '2000-07-30', 22);
insert into Patient (patientID, firstName, lastName, birthDate, age) values (23, 'Jasmin', 'Merrydew', '1999-01-28', 23);
insert into Patient (patientID, firstName, lastName, birthDate, age) values (24, 'Giulietta', 'Brick', '2000-04-07', 22);
insert into Patient (patientID, firstName, lastName, birthDate, age) values (25, 'Jameson', 'Moules', '2001-11-06', 21);
insert into Patient (patientID, firstName, lastName, birthDate, age) values (26, 'Karola', 'de''-Ancy Willis', '2004-04-03', 18);
insert into Patient (patientID, firstName, lastName, birthDate, age) values (27, 'Orson', 'Utteridge', '2004-07-03', 18);
insert into Patient (patientID, firstName, lastName, birthDate, age) values (28, 'Eula', 'Hutchcraft', '2005-09-13', 17);
insert into Patient (patientID, firstName, lastName, birthDate, age) values (29, 'Doro', 'Wyman', '2000-10-05', 22);
insert into Patient (patientID, firstName, lastName, birthDate, age) values (30, 'Haywood', 'Cauldfield', '2002-12-26', 19);
insert into Patient (patientID, firstName, lastName, birthDate, age) values (31, 'Rosalinde', 'Delmage', '2001-04-14', 21);
insert into Patient (patientID, firstName, lastName, birthDate, age) values (32, 'Jammal', 'Lomasney', '2000-02-18', 22);
insert into Patient (patientID, firstName, lastName, birthDate, age) values (33, 'Avrit', 'Redier', '2000-04-26', 22);
insert into Patient (patientID, firstName, lastName, birthDate, age) values (34, 'Steffie', 'McDirmid', '2001-08-11', 21);
insert into Patient (patientID, firstName, lastName, birthDate, age) values (35, 'Yevette', 'Faull', '2005-02-14', 17);
insert into Patient (patientID, firstName, lastName, birthDate, age) values (36, 'Justinn', 'Wagon', '2004-07-09', 18);
insert into Patient (patientID, firstName, lastName, birthDate, age) values (37, 'Fairfax', 'Carillo', '2003-02-15', 19);
insert into Patient (patientID, firstName, lastName, birthDate, age) values (38, 'Galen', 'Whyley', '2002-05-19', 20);
insert into Patient (patientID, firstName, lastName, birthDate, age) values (39, 'Lew', 'Leadbitter', '2000-12-08', 22);
insert into Patient (patientID, firstName, lastName, birthDate, age) values (40, 'Marshall', 'Easbie', '2000-09-28', 22);
insert into Patient (patientID, firstName, lastName, birthDate, age) values (41, 'Marya', 'Perree', '2003-04-12', 19);
insert into Patient (patientID, firstName, lastName, birthDate, age) values (42, 'Nada', 'Matveichev', '2000-04-26', 22);
insert into Patient (patientID, firstName, lastName, birthDate, age) values (43, 'Felizio', 'Kenny', '2002-05-05', 20);
insert into Patient (patientID, firstName, lastName, birthDate, age) values (44, 'Rolph', 'Hutcheon', '1999-07-26', 23);
insert into Patient (patientID, firstName, lastName, birthDate, age) values (45, 'Fowler', 'Alenichev', '2005-08-03', 17);
insert into Patient (patientID, firstName, lastName, birthDate, age) values (46, 'Carilyn', 'Gerhold', '2003-09-16', 19);
insert into Patient (patientID, firstName, lastName, birthDate, age) values (47, 'Shannon', 'Anney', '2000-06-17', 22);
insert into Patient (patientID, firstName, lastName, birthDate, age) values (48, 'Cele', 'Waddilow', '2001-04-13', 21);
insert into Patient (patientID, firstName, lastName, birthDate, age) values (49, 'Mickey', 'Graham', '2001-02-07', 21);
insert into Patient (patientID, firstName, lastName, birthDate, age) values (50, 'Gertrude', 'Rijkeseis', '2002-06-14', 20);
insert into Patient (patientID, firstName, lastName, birthDate, age) values (51, 'Dav', 'Carnock', '2000-01-18', 22);
insert into Patient (patientID, firstName, lastName, birthDate, age) values (52, 'Giustino', 'O''Scollain', '2002-03-02', 20);
insert into Patient (patientID, firstName, lastName, birthDate, age) values (53, 'Ly', 'Dominguez', '2003-06-25', 19);
insert into Patient (patientID, firstName, lastName, birthDate, age) values (54, 'Adi', 'Hauck', '2002-11-15', 20);
insert into Patient (patientID, firstName, lastName, birthDate, age) values (55, 'Alejoa', 'Martineau', '2000-04-17', 22);
insert into Patient (patientID, firstName, lastName, birthDate, age) values (56, 'Marillin', 'Trowell', '2005-10-07', 17);
insert into Patient (patientID, firstName, lastName, birthDate, age) values (57, 'Kimble', 'Harmeston', '2005-04-02', 17);
insert into Patient (patientID, firstName, lastName, birthDate, age) values (58, 'Gayelord', 'Gwyllt', '2000-08-30', 22);
insert into Patient (patientID, firstName, lastName, birthDate, age) values (59, 'Melinde', 'Soppett', '2001-02-18', 21);
insert into Patient (patientID, firstName, lastName, birthDate, age) values (60, 'Leigh', 'Asch', '2002-12-13', 19);


-- Doctor
insert into Doctor (doctorID, specialization, firstName, lastName, consent) values (1, 'Orthopedic Surgery', 'Bogart', 'Tattershaw', 1);
insert into Doctor (doctorID, specialization, firstName, lastName, consent) values (2, 'Orthopedic Surgery', 'Karoly', 'Shovelbottom', 1);
insert into Doctor (doctorID, specialization, firstName, lastName, consent) values (3, 'Ophthalmology', 'Juliane', 'McClymond', 1);
insert into Doctor (doctorID, specialization, firstName, lastName, consent) values (4, 'Ophthalmology', 'Patrice', 'Ruddick', 1);
insert into Doctor (doctorID, specialization, firstName, lastName, consent) values (5, 'Emergency Medicine', 'Lillian', 'Rawles', 1);
insert into Doctor (doctorID, specialization, firstName, lastName, consent) values (6, 'Oncology', 'Ulick', 'Lapre', 1);
insert into Doctor (doctorID, specialization, firstName, lastName, consent) values (7, 'Obstetrics and Gynecology', 'Welbie', 'Bengochea', 1);
insert into Doctor (doctorID, specialization, firstName, lastName, consent) values (8, 'Radiology', 'Carlos', 'Skep', 1);
insert into Doctor (doctorID, specialization, firstName, lastName, consent) values (9, 'Infectious Disease', 'Annabella', 'Stelfox', 1);
insert into Doctor (doctorID, specialization, firstName, lastName, consent) values (10, 'Allergy and Immunology', 'Casar', 'Seathwright', 1);
insert into Doctor (doctorID, specialization, firstName, lastName, consent) values (11, 'Pediatrics', 'Allan', 'Klaaassen', 1);
insert into Doctor (doctorID, specialization, firstName, lastName, consent) values (12, 'Family Medicine', 'Rayna', 'Colthard', 1);
insert into Doctor (doctorID, specialization, firstName, lastName, consent) values (13, 'Family Medicine', 'Addia', 'Bettanay', 1);
insert into Doctor (doctorID, specialization, firstName, lastName, consent) values (14, 'Gastroenterology', 'Belinda', 'Upwood', 1);
insert into Doctor (doctorID, specialization, firstName, lastName, consent) values (15, 'Geriatrics', 'Hyacinthia', 'Clunan', 1);
insert into Doctor (doctorID, specialization, firstName, lastName, consent) values (16, 'Emergency Medicine', 'Abran', 'Streeter', 1);
insert into Doctor (doctorID, specialization, firstName, lastName, consent) values (17, 'Internal Medicine', 'Cathyleen', 'Keppe', 1);
insert into Doctor (doctorID, specialization, firstName, lastName, consent) values (18, 'Otolaryngology (ENT)', 'Wit', 'Jeanes', 1);
insert into Doctor (doctorID, specialization, firstName, lastName, consent) values (19, 'Otolaryngology (ENT)', 'Julee', 'Edeson', 1);
insert into Doctor (doctorID, specialization, firstName, lastName, consent) values (20, 'Otolaryngology (ENT)', 'Natala', 'Diglin', 1);
insert into Doctor (doctorID, specialization, firstName, lastName, consent) values (21, 'Cardiology', 'Griffin', 'Heathwood', 1);
insert into Doctor (doctorID, specialization, firstName, lastName, consent) values (22, 'Orthopedic Surgery', 'Jonas', 'Rowlson', 1);
insert into Doctor (doctorID, specialization, firstName, lastName, consent) values (23, 'Obstetrics and Gynecology', 'Nelie', 'Heape', 1);
insert into Doctor (doctorID, specialization, firstName, lastName, consent) values (24, 'Endocrinology', 'Virgina', 'Massingberd', 1);
insert into Doctor (doctorID, specialization, firstName, lastName, consent) values (25, 'Psychiatry', 'Dalia', 'Scourge', 1);
insert into Doctor (doctorID, specialization, firstName, lastName, consent) values (26, 'Urology.', 'Emili', 'McAllester', 1);
insert into Doctor (doctorID, specialization, firstName, lastName, consent) values (27, 'Psychiatry', 'Fleming', 'Sandle', 1);
insert into Doctor (doctorID, specialization, firstName, lastName, consent) values (28, 'Gastroenterology', 'Hoyt', 'Dougary', 1);
insert into Doctor (doctorID, specialization, firstName, lastName, consent) values (29, 'Internal Medicine', 'Robinet', 'Rijkeseis', 1);
insert into Doctor (doctorID, specialization, firstName, lastName, consent) values (30, 'Sports Medicine', 'Herold', 'Lundie', 1);
insert into Doctor (doctorID, specialization, firstName, lastName, consent) values (31, 'Dermatology', 'Virgie', 'Flindall', 1);
insert into Doctor (doctorID, specialization, firstName, lastName, consent) values (32, 'Infectious Disease', 'Aldus', 'Baert', 1);
insert into Doctor (doctorID, specialization, firstName, lastName, consent) values (33, 'Gastroenterology', 'Yulma', 'Mewett', 1);
insert into Doctor (doctorID, specialization, firstName, lastName, consent) values (34, 'Family Medicine', 'Mortie', 'Gullick', 1);
insert into Doctor (doctorID, specialization, firstName, lastName, consent) values (35, 'Plastic Surgery', 'Dacia', 'Tatlowe', 1);
insert into Doctor (doctorID, specialization, firstName, lastName, consent) values (36, 'Endocrinology', 'Sydney', 'Cauldwell', 1);
insert into Doctor (doctorID, specialization, firstName, lastName, consent) values (37, 'Pathology', 'Viva', 'Tregona', 1);
insert into Doctor (doctorID, specialization, firstName, lastName, consent) values (38, 'Psychiatry', 'Larine', 'McBrearty', 1);
insert into Doctor (doctorID, specialization, firstName, lastName, consent) values (39, 'Physical Medicine and Rehabilitation', 'Helene', 'Lamba', 1);
insert into Doctor (doctorID, specialization, firstName, lastName, consent) values (40, 'Hematology', 'Brook', 'Birtwisle', 1);
insert into Doctor (doctorID, specialization, firstName, lastName, consent) values (41, 'Plastic Surgery', 'Alis', 'Melbourne', 1);
insert into Doctor (doctorID, specialization, firstName, lastName, consent) values (42, 'Hematology', 'Axel', 'Johanning', 1);
insert into Doctor (doctorID, specialization, firstName, lastName, consent) values (43, 'Cardiology', 'Rosana', 'Bertomieu', 1);
insert into Doctor (doctorID, specialization, firstName, lastName, consent) values (44, 'Pulmonology', 'Thomasa', 'Kislingbury', 1);
insert into Doctor (doctorID, specialization, firstName, lastName, consent) values (45, 'Gastroenterology', 'Neely', 'Chatenier', 1);
insert into Doctor (doctorID, specialization, firstName, lastName, consent) values (46, 'Allergy and Immunology', 'Anselm', 'Schleicher', 1);
insert into Doctor (doctorID, specialization, firstName, lastName, consent) values (47, 'Family Medicine', 'Vitia', 'Burleton', 1);
insert into Doctor (doctorID, specialization, firstName, lastName, consent) values (48, 'Plastic Surgery', 'Aundrea', 'Almak', 1);
insert into Doctor (doctorID, specialization, firstName, lastName, consent) values (49, 'Infectious Disease', 'Dur', 'Cheal', 1);
insert into Doctor (doctorID, specialization, firstName, lastName, consent) values (50, 'Nephrology', 'Cybil', 'Fawley', 1);
insert into Doctor (doctorID, specialization, firstName, lastName, consent) values (51, 'Internal Medicine', 'Viole', 'Gronaller', 1);
insert into Doctor (doctorID, specialization, firstName, lastName, consent) values (52, 'Sports Medicine', 'Todd', 'Dilliston', 1);
insert into Doctor (doctorID, specialization, firstName, lastName, consent) values (53, 'Nephrology', 'Morgan', 'Danielovitch', 1);
insert into Doctor (doctorID, specialization, firstName, lastName, consent) values (54, 'Rheumatology', 'Lock', 'Clink', 1);
insert into Doctor (doctorID, specialization, firstName, lastName, consent) values (55, 'Emergency Medicine', 'Vallie', 'Caddan', 1);
insert into Doctor (doctorID, specialization, firstName, lastName, consent) values (56, 'Neurology', 'Joye', 'Walenta', 1);
insert into Doctor (doctorID, specialization, firstName, lastName, consent) values (57, 'Dermatology', 'Kristine', 'Hardwell', 1);
insert into Doctor (doctorID, specialization, firstName, lastName, consent) values (58, 'Gastroenterology', 'Sigismund', 'Snoday', 1);
insert into Doctor (doctorID, specialization, firstName, lastName, consent) values (59, 'Radiology', 'Madelena', 'Dilks', 1);
insert into Doctor (doctorID, specialization, firstName, lastName, consent) values (60, 'Geriatrics', 'Delilah', 'Hollidge', 1);


-- Wellness Coach
insert into WellnessCoach (coachID, education, firstName, lastName, consent) values (1, 'Nursing', 'Carla', 'Lightollers', 0);
insert into WellnessCoach (coachID, education, firstName, lastName, consent) values (2, 'Psychology', 'Cammy', 'Jaume', 0);
insert into WellnessCoach (coachID, education, firstName, lastName, consent) values (3, 'Psychology', 'Sydel', 'Edelman', 0);
insert into WellnessCoach (coachID, education, firstName, lastName, consent) values (4, 'Holistic Health', 'Spenser', 'Perview', 0);
insert into WellnessCoach (coachID, education, firstName, lastName, consent) values (5, 'Dietetics', 'Emanuele', 'Leaf', 0);
insert into WellnessCoach (coachID, education, firstName, lastName, consent) values (6, 'Health Promotion', 'Verine', 'Sellan', 0);
insert into WellnessCoach (coachID, education, firstName, lastName, consent) values (7, 'Wellness Management', 'Garvey', 'Lambrecht', 0);
insert into WellnessCoach (coachID, education, firstName, lastName, consent) values (8, 'Behavioral Science', 'Vinnie', 'Lawman', 0);
insert into WellnessCoach (coachID, education, firstName, lastName, consent) values (9, 'Sports Science', 'Frances', 'MacGebenay', 0);
insert into WellnessCoach (coachID, education, firstName, lastName, consent) values (10, 'Sports Science', 'Cosme', 'Greenland', 0);
insert into WellnessCoach (coachID, education, firstName, lastName, consent) values (11, 'Human Physiology', 'Herve', 'Rushsorth', 0);
insert into WellnessCoach (coachID, education, firstName, lastName, consent) values (12, 'Health Education', 'Husein', 'Kupke', 0);
insert into WellnessCoach (coachID, education, firstName, lastName, consent) values (13, 'Holistic Health', 'Joela', 'Lamb-shine', 0);
insert into WellnessCoach (coachID, education, firstName, lastName, consent) values (14, 'Kinesiology', 'Hastings', 'Seekings', 0);
insert into WellnessCoach (coachID, education, firstName, lastName, consent) values (15, 'Health Promotion', 'Arvy', 'Exley', 0);
insert into WellnessCoach (coachID, education, firstName, lastName, consent) values (16, 'Holistic Health', 'Danyette', 'Abel', 0);
insert into WellnessCoach (coachID, education, firstName, lastName, consent) values (17, 'Kinesiology', 'Katrina', 'Dwyer', 0);
insert into WellnessCoach (coachID, education, firstName, lastName, consent) values (18, 'Dietetics', 'Baily', 'Caves', 0);
insert into WellnessCoach (coachID, education, firstName, lastName, consent) values (19, 'Sociology', 'Galvin', 'Guillem', 0);
insert into WellnessCoach (coachID, education, firstName, lastName, consent) values (20, 'Counseling', 'Chere', 'Zylbermann', 0);
insert into WellnessCoach (coachID, education, firstName, lastName, consent) values (21, 'Health Coaching', 'Luce', 'Claffey', 0);
insert into WellnessCoach (coachID, education, firstName, lastName, consent) values (22, 'Physical Education', 'Bernardo', 'Whieldon', 0);
insert into WellnessCoach (coachID, education, firstName, lastName, consent) values (23, 'Health Promotion', 'Andris', 'Nibley', 0);
insert into WellnessCoach (coachID, education, firstName, lastName, consent) values (24, 'Psychology', 'Israel', 'Poynser', 0);
insert into WellnessCoach (coachID, education, firstName, lastName, consent) values (25, 'Counseling', 'Miltie', 'Melonby', 0);
insert into WellnessCoach (coachID, education, firstName, lastName, consent) values (26, 'Psychology', 'Andrey', 'Radcliffe', 0);
insert into WellnessCoach (coachID, education, firstName, lastName, consent) values (27, 'Fitness and Health', 'Remington', 'Murtimer', 0);
insert into WellnessCoach (coachID, education, firstName, lastName, consent) values (28, 'Behavioral Science', 'Vallie', 'Ugoni', 0);
insert into WellnessCoach (coachID, education, firstName, lastName, consent) values (29, 'Psychology', 'Mia', 'Essery', 0);
insert into WellnessCoach (coachID, education, firstName, lastName, consent) values (30, 'Sociology', 'Jeanine', 'Kirkebye', 0);
insert into WellnessCoach (coachID, education, firstName, lastName, consent) values (31, 'Integrative Health', 'Myles', 'Palfreman', 0);
insert into WellnessCoach (coachID, education, firstName, lastName, consent) values (32, 'Dietetics', 'Bron', 'Steere', 0);
insert into WellnessCoach (coachID, education, firstName, lastName, consent) values (33, 'Health Coaching', 'Dierdre', 'Calloway', 0);
insert into WellnessCoach (coachID, education, firstName, lastName, consent) values (34, 'Nursing', 'Linell', 'McGiffie', 0);
insert into WellnessCoach (coachID, education, firstName, lastName, consent) values (35, 'Sports Science', 'Ed', 'Dosedale', 0);
insert into WellnessCoach (coachID, education, firstName, lastName, consent) values (36, 'Sports Science', 'Benjamen', 'Girardi', 0);
insert into WellnessCoach (coachID, education, firstName, lastName, consent) values (37, 'Health Coaching', 'Matthias', 'Naisbit', 0);
insert into WellnessCoach (coachID, education, firstName, lastName, consent) values (38, 'Public Health', 'Franciskus', 'Dearnaly', 0);
insert into WellnessCoach (coachID, education, firstName, lastName, consent) values (39, 'Nursing', 'Bartie', 'Winnister', 0);
insert into WellnessCoach (coachID, education, firstName, lastName, consent) values (40, 'Psychology', 'Marnie', 'Venn', 0);
insert into WellnessCoach (coachID, education, firstName, lastName, consent) values (41, 'Sociology', 'Issy', 'McCluskey', 0);
insert into WellnessCoach (coachID, education, firstName, lastName, consent) values (42, 'Nursing', 'Ingar', 'Beton', 0);
insert into WellnessCoach (coachID, education, firstName, lastName, consent) values (43, 'Health Coaching', 'Kennett', 'Brightman', 0);
insert into WellnessCoach (coachID, education, firstName, lastName, consent) values (44, 'Sociology', 'Chalmers', 'Sebrens', 0);
insert into WellnessCoach (coachID, education, firstName, lastName, consent) values (45, 'Counseling', 'Corby', 'Hullins', 0);
insert into WellnessCoach (coachID, education, firstName, lastName, consent) values (46, 'Kinesiology', 'Salomo', 'Josilowski', 0);
insert into WellnessCoach (coachID, education, firstName, lastName, consent) values (47, 'Counseling', 'Emelyne', 'Sydall', 0);
insert into WellnessCoach (coachID, education, firstName, lastName, consent) values (48, 'Exercise Science', 'Rolland', 'Byrcher', 0);
insert into WellnessCoach (coachID, education, firstName, lastName, consent) values (49, 'Sociology', 'Zacherie', 'Hammerson', 0);
insert into WellnessCoach (coachID, education, firstName, lastName, consent) values (50, 'Behavioral Science', 'Dallis', 'Breit', 0);
insert into WellnessCoach (coachID, education, firstName, lastName, consent) values (51, 'Holistic Health', 'Tybalt', 'MacPeake', 0);
insert into WellnessCoach (coachID, education, firstName, lastName, consent) values (52, 'Fitness and Health', 'Ursala', 'Rebichon', 0);
insert into WellnessCoach (coachID, education, firstName, lastName, consent) values (53, 'Fitness and Health', 'Christin', 'Burtwhistle', 0);
insert into WellnessCoach (coachID, education, firstName, lastName, consent) values (54, 'Kinesiology', 'Brear', 'Haldin', 0);
insert into WellnessCoach (coachID, education, firstName, lastName, consent) values (55, 'Fitness and Health', 'Hew', 'McIntee', 0);
insert into WellnessCoach (coachID, education, firstName, lastName, consent) values (56, 'Behavioral Science', 'Melisse', 'Denerley', 0);
insert into WellnessCoach (coachID, education, firstName, lastName, consent) values (57, 'Sports Science', 'Esra', 'Megarrell', 0);
insert into WellnessCoach (coachID, education, firstName, lastName, consent) values (58, 'Behavioral Science', 'Wyatan', 'Sibly', 0);
insert into WellnessCoach (coachID, education, firstName, lastName, consent) values (59, 'Integrative Health', 'Henrieta', 'Hantusch', 0);
insert into WellnessCoach (coachID, education, firstName, lastName, consent) values (60, 'Health Education', 'Brandea', 'Brooking', 0);

-- Insurance Representative
insert into InsuranceRepresentative (repID, company, firstName, lastName, consent) values (1, 'Allstate', 'Bellina', 'Woolmore', 0);
insert into InsuranceRepresentative (repID, company, firstName, lastName, consent) values (2, 'Farmers Insurance', 'Audre', 'Dudeney', 0);
insert into InsuranceRepresentative (repID, company, firstName, lastName, consent) values (3, 'Liberty Mutual', 'Shina', 'Pinchen', 0);
insert into InsuranceRepresentative (repID, company, firstName, lastName, consent) values (4, 'Farmers Insurance', 'Abelard', 'Piperley', 0);
insert into InsuranceRepresentative (repID, company, firstName, lastName, consent) values (5, 'Blue Cross Blue Shield', 'Stephine', 'Potier', 0);
insert into InsuranceRepresentative (repID, company, firstName, lastName, consent) values (6, 'Travelers', 'Babita', 'Lean', 0);
insert into InsuranceRepresentative (repID, company, firstName, lastName, consent) values (7, 'Progressive', 'Mil', 'Hurl', 0);
insert into InsuranceRepresentative (repID, company, firstName, lastName, consent) values (8, 'Cigna', 'Gaby', 'Crangle', 0);
insert into InsuranceRepresentative (repID, company, firstName, lastName, consent) values (9, 'Cigna', 'Lancelot', 'Maymond', 0);
insert into InsuranceRepresentative (repID, company, firstName, lastName, consent) values (10, 'Travelers', 'Bordie', 'Sertin', 0);
insert into InsuranceRepresentative (repID, company, firstName, lastName, consent) values (11, 'UnitedHealth Group', 'Uta', 'Crichmere', 0);
insert into InsuranceRepresentative (repID, company, firstName, lastName, consent) values (12, 'Farmers Insurance', 'Trixi', 'Kemson', 0);
insert into InsuranceRepresentative (repID, company, firstName, lastName, consent) values (13, 'Cigna', 'Wittie', 'McNamee', 0);
insert into InsuranceRepresentative (repID, company, firstName, lastName, consent) values (14, 'Nationwide', 'Moritz', 'Knowler', 0);
insert into InsuranceRepresentative (repID, company, firstName, lastName, consent) values (15, 'Travelers', 'Hersh', 'Dishmon', 0);
insert into InsuranceRepresentative (repID, company, firstName, lastName, consent) values (16, 'Aetna', 'Pascal', 'Lowson', 0);
insert into InsuranceRepresentative (repID, company, firstName, lastName, consent) values (17, 'State Farm', 'Rhodie', 'Witcher', 0);
insert into InsuranceRepresentative (repID, company, firstName, lastName, consent) values (18, 'State Farm', 'Meara', 'Aberdein', 0);
insert into InsuranceRepresentative (repID, company, firstName, lastName, consent) values (19, 'USAA', 'Maude', 'Innot', 0);
insert into InsuranceRepresentative (repID, company, firstName, lastName, consent) values (20, 'MetLife', 'Garek', 'Caisley', 0);
insert into InsuranceRepresentative (repID, company, firstName, lastName, consent) values (21, 'Allstate', 'Jarid', 'Dooher', 0);
insert into InsuranceRepresentative (repID, company, firstName, lastName, consent) values (22, 'Liberty Mutual', 'Miguelita', 'Hughesdon', 0);
insert into InsuranceRepresentative (repID, company, firstName, lastName, consent) values (23, 'UnitedHealth Group', 'Jarrod', 'Tonsley', 0);
insert into InsuranceRepresentative (repID, company, firstName, lastName, consent) values (24, 'Nationwide', 'Kalil', 'Killshaw', 0);
insert into InsuranceRepresentative (repID, company, firstName, lastName, consent) values (25, 'USAA', 'Chester', 'Bullers', 0);
insert into InsuranceRepresentative (repID, company, firstName, lastName, consent) values (26, 'Liberty Mutual', 'Irita', 'Haffard', 0);
insert into InsuranceRepresentative (repID, company, firstName, lastName, consent) values (27, 'Cigna', 'Yul', 'Krugmann', 0);
insert into InsuranceRepresentative (repID, company, firstName, lastName, consent) values (28, 'Aetna', 'Tate', 'Deller', 0);
insert into InsuranceRepresentative (repID, company, firstName, lastName, consent) values (29, 'Blue Cross Blue Shield', 'Cherianne', 'Warmisham', 0);
insert into InsuranceRepresentative (repID, company, firstName, lastName, consent) values (30, 'MetLife', 'Jeanna', 'Roycraft', 0);
insert into InsuranceRepresentative (repID, company, firstName, lastName, consent) values (31, 'State Farm', 'Findley', 'Ogles', 0);
insert into InsuranceRepresentative (repID, company, firstName, lastName, consent) values (32, 'UnitedHealth Group', 'Donella', 'Maddra', 0);
insert into InsuranceRepresentative (repID, company, firstName, lastName, consent) values (33, 'Allstate', 'Anton', 'Dainty', 0);
insert into InsuranceRepresentative (repID, company, firstName, lastName, consent) values (34, 'Farmers Insurance', 'Bernete', 'Evison', 0);
insert into InsuranceRepresentative (repID, company, firstName, lastName, consent) values (35, 'USAA', 'Melody', 'Sandcraft', 0);
insert into InsuranceRepresentative (repID, company, firstName, lastName, consent) values (36, 'Prudential', 'Ive', 'Dot', 0);
insert into InsuranceRepresentative (repID, company, firstName, lastName, consent) values (37, 'Aetna', 'Dion', 'Saladino', 0);
insert into InsuranceRepresentative (repID, company, firstName, lastName, consent) values (38, 'UnitedHealth Group', 'Newton', 'MacVicar', 0);
insert into InsuranceRepresentative (repID, company, firstName, lastName, consent) values (39, 'Prudential', 'Rina', 'Rawle', 0);
insert into InsuranceRepresentative (repID, company, firstName, lastName, consent) values (40, 'Cigna', 'Peirce', 'Southernwood', 0);
insert into InsuranceRepresentative (repID, company, firstName, lastName, consent) values (41, 'Aetna', 'Paten', 'Landrean', 0);
insert into InsuranceRepresentative (repID, company, firstName, lastName, consent) values (42, 'Prudential', 'Denise', 'Bagshawe', 0);
insert into InsuranceRepresentative (repID, company, firstName, lastName, consent) values (43, 'State Farm', 'Miran', 'Bingle', 0);
insert into InsuranceRepresentative (repID, company, firstName, lastName, consent) values (44, 'Travelers', 'Maisie', 'Veldstra', 0);
insert into InsuranceRepresentative (repID, company, firstName, lastName, consent) values (45, 'Liberty Mutual', 'Noel', 'Casacchia', 0);
insert into InsuranceRepresentative (repID, company, firstName, lastName, consent) values (46, 'State Farm', 'Katie', 'Kearle', 0);
insert into InsuranceRepresentative (repID, company, firstName, lastName, consent) values (47, 'Farmers Insurance', 'Quint', 'Fanti', 0);
insert into InsuranceRepresentative (repID, company, firstName, lastName, consent) values (48, 'Cigna', 'Valentia', 'Possel', 0);
insert into InsuranceRepresentative (repID, company, firstName, lastName, consent) values (49, 'Cigna', 'Chryste', 'Archer', 0);
insert into InsuranceRepresentative (repID, company, firstName, lastName, consent) values (50, 'Blue Cross Blue Shield', 'Cristabel', 'Koop', 0);
insert into InsuranceRepresentative (repID, company, firstName, lastName, consent) values (51, 'UnitedHealth Group', 'Christoper', 'Yurov', 0);
insert into InsuranceRepresentative (repID, company, firstName, lastName, consent) values (52, 'Blue Cross Blue Shield', 'Jamil', 'Ridding', 0);
insert into InsuranceRepresentative (repID, company, firstName, lastName, consent) values (53, 'Allstate', 'Sandy', 'Dalliwater', 0);
insert into InsuranceRepresentative (repID, company, firstName, lastName, consent) values (54, 'MetLife', 'Gareth', 'Barsham', 0);
insert into InsuranceRepresentative (repID, company, firstName, lastName, consent) values (55, 'Farmers Insurance', 'Marmaduke', 'Maffucci', 0);
insert into InsuranceRepresentative (repID, company, firstName, lastName, consent) values (56, 'Liberty Mutual', 'Berny', 'Jacques', 0);
insert into InsuranceRepresentative (repID, company, firstName, lastName, consent) values (57, 'Prudential', 'Merline', 'Decker', 0);
insert into InsuranceRepresentative (repID, company, firstName, lastName, consent) values (58, 'Nationwide', 'Aile', 'Markson', 0);
insert into InsuranceRepresentative (repID, company, firstName, lastName, consent) values (59, 'UnitedHealth Group', 'Gerik', 'Ughetti', 0);
insert into InsuranceRepresentative (repID, company, firstName, lastName, consent) values (60, 'Nationwide', 'Jarrett', 'Cowope', 0);

-- Visit
insert into Visit (visitid, purpose, visitdate, patientid, doctorid, coachid, canceled) values (1, 'justo in blandit', '2023-03-21', 32, 5, 30, 0);
insert into Visit (visitid, purpose, visitdate, patientid, doctorid, coachid, canceled) values (2, 'rutrum neque aenean auctor', '2023-02-11', 58, 18, 20, 1);
insert into Visit (visitid, purpose, visitdate, patientid, doctorid, coachid, canceled) values (3, 'ante ipsum primis in', '2023-01-06', 3, 51, 1, 0);
insert into Visit (visitid, purpose, visitdate, patientid, doctorid, coachid, canceled) values (4, 'nulla neque libero convallis', '2023-10-22', 32, 31, 8, 0);
insert into Visit (visitid, purpose, visitdate, patientid, doctorid, coachid, canceled) values (5, 'orci eget orci', '2023-08-01', 35, 12, 28, 1);
insert into Visit (visitid, purpose, visitdate, patientid, doctorid, coachid, canceled) values (6, 'est quam pharetra magna ac', '2023-08-09', 57, 51, 60, 1);
insert into Visit (visitid, purpose, visitdate, patientid, doctorid, coachid, canceled) values (7, 'dolor vel est donec', '2023-07-09', 56, 29, 1, 1);
insert into Visit (visitid, purpose, visitdate, patientid, doctorid, coachid, canceled) values (8, 'vel dapibus', '2023-10-28', 26, 18, 38, 1);
insert into Visit (visitid, purpose, visitdate, patientid, doctorid, coachid, canceled) values (9, 'lacinia sapien quis', '2023-08-08', 52, 21, 57, 1);
insert into Visit (visitid, purpose, visitdate, patientid, doctorid, coachid, canceled) values (10, 'ultrices posuere cubilia curae donec', '2023-07-31', 37, 52, 40, 1);
insert into Visit (visitid, purpose, visitdate, patientid, doctorid, coachid, canceled) values (11, 'sapien', '2023-10-28', 39, 34, 12, 1);
insert into Visit (visitid, purpose, visitdate, patientid, doctorid, coachid, canceled) values (12, 'morbi', '2023-07-01', 8, 60, 37, 1);
insert into Visit (visitid, purpose, visitdate, patientid, doctorid, coachid, canceled) values (13, 'lacus morbi', '2023-08-19', 34, 38, 1, 0);
insert into Visit (visitid, purpose, visitdate, patientid, doctorid, coachid, canceled) values (14, 'vel', '2022-12-20', 24, 48, 32, 1);
insert into Visit (visitid, purpose, visitdate, patientid, doctorid, coachid, canceled) values (15, 'montes nascetur ridiculus', '2023-10-24', 6, 20, 9, 0);
insert into Visit (visitid, purpose, visitdate, patientid, doctorid, coachid, canceled) values (16, 'ultrices aliquet maecenas', '2023-10-29', 33, 5, 43, 1);
insert into Visit (visitid, purpose, visitdate, patientid, doctorid, coachid, canceled) values (17, 'duis bibendum', '2023-03-29', 60, 11, 12, 0);
insert into Visit (visitid, purpose, visitdate, patientid, doctorid, coachid, canceled) values (18, 'magna bibendum imperdiet nullam orci', '2022-12-28', 23, 15, 24, 0);
insert into Visit (visitid, purpose, visitdate, patientid, doctorid, coachid, canceled) values (19, 'consequat morbi a ipsum integer', '2023-02-05', 37, 59, 34, 1);
insert into Visit (visitid, purpose, visitdate, patientid, doctorid, coachid, canceled) values (20, 'quis augue', '2023-07-22', 24, 17, 43, 1);
insert into Visit (visitid, purpose, visitdate, patientid, doctorid, coachid, canceled) values (21, 'primis in', '2023-05-26', 49, 26, 44, 1);
insert into Visit (visitid, purpose, visitdate, patientid, doctorid, coachid, canceled) values (22, 'porta volutpat quam', '2023-07-29', 33, 17, 22, 1);
insert into Visit (visitid, purpose, visitdate, patientid, doctorid, coachid, canceled) values (23, 'consequat nulla nisl nunc', '2023-07-05', 40, 3, 34, 1);
insert into Visit (visitid, purpose, visitdate, patientid, doctorid, coachid, canceled) values (24, 'curae mauris viverra diam vitae', '2023-02-05', 54, 48, 50, 1);
insert into Visit (visitid, purpose, visitdate, patientid, doctorid, coachid, canceled) values (25, 'at velit eu', '2022-12-05', 21, 39, 45, 0);
insert into Visit (visitid, purpose, visitdate, patientid, doctorid, coachid, canceled) values (26, 'in quis justo maecenas rhoncus', '2023-10-11', 13, 46, 7, 1);
insert into Visit (visitid, purpose, visitdate, patientid, doctorid, coachid, canceled) values (27, 'nisi nam ultrices libero', '2022-12-24', 34, 22, 55, 0);
insert into Visit (visitid, purpose, visitdate, patientid, doctorid, coachid, canceled) values (28, 'sem praesent id massa', '2023-01-11', 26, 1, 44, 0);
insert into Visit (visitid, purpose, visitdate, patientid, doctorid, coachid, canceled) values (29, 'placerat ante nulla justo aliquam', '2023-06-30', 21, 16, 38, 1);
insert into Visit (visitid, purpose, visitdate, patientid, doctorid, coachid, canceled) values (30, 'tempus semper est', '2023-04-19', 3, 59, 46, 0);
insert into Visit (visitid, purpose, visitdate, patientid, doctorid, coachid, canceled) values (31, 'nibh in lectus', '2023-09-07', 33, 32, 25, 1);
insert into Visit (visitid, purpose, visitdate, patientid, doctorid, coachid, canceled) values (32, 'sapien cum sociis natoque', '2023-07-12', 35, 6, 50, 0);
insert into Visit (visitid, purpose, visitdate, patientid, doctorid, coachid, canceled) values (33, 'sed', '2023-05-17', 51, 35, 9, 1);
insert into Visit (visitid, purpose, visitdate, patientid, doctorid, coachid, canceled) values (34, 'diam vitae quam suspendisse potenti', '2023-11-30', 29, 54, 38, 0);
insert into Visit (visitid, purpose, visitdate, patientid, doctorid, coachid, canceled) values (35, 'luctus nec molestie sed', '2023-05-19', 27, 14, 25, 0);
insert into Visit (visitid, purpose, visitdate, patientid, doctorid, coachid, canceled) values (36, 'tellus nulla ut', '2022-12-29', 54, 7, 19, 1);
insert into Visit (visitid, purpose, visitdate, patientid, doctorid, coachid, canceled) values (37, 'interdum in ante vestibulum ante', '2023-05-07', 47, 52, 37, 1);
insert into Visit (visitid, purpose, visitdate, patientid, doctorid, coachid, canceled) values (38, 'ultrices', '2023-11-07', 59, 26, 52, 1);
insert into Visit (visitid, purpose, visitdate, patientid, doctorid, coachid, canceled) values (39, 'lectus pellentesque eget', '2023-08-21', 35, 24, 27, 1);
insert into Visit (visitid, purpose, visitdate, patientid, doctorid, coachid, canceled) values (40, 'dui vel sem', '2023-09-11', 39, 8, 30, 0);
insert into Visit (visitid, purpose, visitdate, patientid, doctorid, coachid, canceled) values (41, 'accumsan felis', '2023-05-07', 49, 40, 48, 0);
insert into Visit (visitid, purpose, visitdate, patientid, doctorid, coachid, canceled) values (42, 'eget eleifend', '2023-04-09', 34, 41, 49, 0);
insert into Visit (visitid, purpose, visitdate, patientid, doctorid, coachid, canceled) values (43, 'molestie lorem quisque ut', '2023-07-03', 51, 9, 11, 0);
insert into Visit (visitid, purpose, visitdate, patientid, doctorid, coachid, canceled) values (44, 'ut massa', '2023-05-05', 38, 28, 44, 1);
insert into Visit (visitid, purpose, visitdate, patientid, doctorid, coachid, canceled) values (45, 'primis in faucibus orci luctus', '2023-05-17', 41, 20, 54, 0);
insert into Visit (visitid, purpose, visitdate, patientid, doctorid, coachid, canceled) values (46, 'blandit mi in porttitor pede', '2023-01-23', 47, 5, 44, 0);
insert into Visit (visitid, purpose, visitdate, patientid, doctorid, coachid, canceled) values (47, 'integer a', '2023-02-05', 4, 38, 21, 0);
insert into Visit (visitid, purpose, visitdate, patientid, doctorid, coachid, canceled) values (48, 'pellentesque viverra', '2023-02-15', 37, 56, 44, 0);
insert into Visit (visitid, purpose, visitdate, patientid, doctorid, coachid, canceled) values (49, 'purus eu magna vulputate luctus', '2023-02-14', 26, 20, 2, 0);
insert into Visit (visitid, purpose, visitdate, patientid, doctorid, coachid, canceled) values (50, 'eget rutrum at lorem integer', '2023-05-15', 51, 27, 41, 0);
insert into Visit (visitid, purpose, visitdate, patientid, doctorid, coachid, canceled) values (51, 'accumsan tortor', '2023-05-27', 14, 5, 33, 0);
insert into Visit (visitid, purpose, visitdate, patientid, doctorid, coachid, canceled) values (52, 'in sapien iaculis congue', '2023-09-10', 45, 52, 8, 1);
insert into Visit (visitid, purpose, visitdate, patientid, doctorid, coachid, canceled) values (53, 'faucibus', '2023-01-20', 37, 3, 15, 1);
insert into Visit (visitid, purpose, visitdate, patientid, doctorid, coachid, canceled) values (54, 'et magnis', '2023-04-08', 32, 13, 2, 1);
insert into Visit (visitid, purpose, visitdate, patientid, doctorid, coachid, canceled) values (55, 'nam tristique tortor eu pede', '2023-10-19', 44, 19, 11, 0);
insert into Visit (visitid, purpose, visitdate, patientid, doctorid, coachid, canceled) values (56, 'erat vestibulum sed magna at', '2023-10-13', 39, 18, 57, 0);
insert into Visit (visitid, purpose, visitdate, patientid, doctorid, coachid, canceled) values (57, 'suspendisse potenti', '2023-08-23', 3, 27, 35, 1);
insert into Visit (visitid, purpose, visitdate, patientid, doctorid, coachid, canceled) values (58, 'tristique est et tempus semper', '2023-02-07', 44, 42, 14, 1);
insert into Visit (visitid, purpose, visitdate, patientid, doctorid, coachid, canceled) values (59, 'auctor', '2023-07-23', 14, 55, 1, 1);
insert into Visit (visitid, purpose, visitdate, patientid, doctorid, coachid, canceled) values (60, 'cras mi pede', '2023-11-28', 30, 48, 48, 0);
