USE HuskyHealth;

-- Patient data
insert into Patient (patientID, firstName, lastName, birthDate, age) values (1, 'Maya', 'Chen', '2002-09-10', 21);
insert into Patient (patientID, firstName, lastName, birthDate, age) values (2, 'Alvin', 'Behnecken', '2000-01-23', 22);
insert into Patient (patientID, firstName, lastName, birthDate, age) values (3, 'Belia', 'Hawney', '2005-10-18', 17);
insert into Patient (patientID, firstName, lastName, birthDate, age) values (4, 'Stace', 'Chillistone', '2002-05-03', 20);
insert into Patient (patientID, firstName, lastName, birthDate, age) values (5, 'Trueman', 'Huxster', '1999-03-04', 23);
insert into Patient (patientID, firstName, lastName, birthDate, age) values (6, 'Normand', 'Novello', '1999-12-30', 22);
insert into Patient (patientID, firstName, lastName, birthDate, age) values (7, 'Law', 'Bladon', '2002-08-07', 20);
insert into Patient (patientID, firstName, lastName, birthDate, age) values (8, 'Callie', 'Tassel', '2000-07-15', 22);
insert into Patient (patientID, firstName, lastName, birthDate, age) values (9, 'Trumaine', 'Barnewille', '2000-09-08', 22);
insert into Patient (patientID, firstName, lastName, birthDate, age) values (10, 'Marji', 'Lyddiard', '2001-10-21', 21);
insert into Patient (patientID, firstName, lastName, birthDate, age) values (11, 'Corly', 'Creeber', '2004-06-05', 18);
insert into Patient (patientID, firstName, lastName, birthDate, age) values (12, 'Krisha', 'Denge', '2003-12-13', 18);
insert into Patient (patientID, firstName, lastName, birthDate, age) values (13, 'Karel', 'Juzek', '2002-05-29', 20);
insert into Patient (patientID, firstName, lastName, birthDate, age) values (14, 'Leyla', 'Munson', '1999-06-14', 23);
insert into Patient (patientID, firstName, lastName, birthDate, age) values (15, 'Stanton', 'Valerio', '2002-06-17', 20);
insert into Patient (patientID, firstName, lastName, birthDate, age) values (16, 'Ilise', 'Collman', '2001-03-18', 21);
insert into Patient (patientID, firstName, lastName, birthDate, age) values (17, 'Carey', 'Roistone', '2000-09-17', 22);
insert into Patient (patientID, firstName, lastName, birthDate, age) values (18, 'Rosalinda', 'Chapleo', '2001-07-03', 21);
insert into Patient (patientID, firstName, lastName, birthDate, age) values (19, 'Raven', 'Kivelle', '2001-01-06', 21);
insert into Patient (patientID, firstName, lastName, birthDate, age) values (20, 'Ardine', 'Headford', '2002-03-04', 20);
insert into Patient (patientID, firstName, lastName, birthDate, age) values (21, 'Ashli', 'Ludlem', '2000-06-11', 22);
insert into Patient (patientID, firstName, lastName, birthDate, age) values (22, 'Fonz', 'Littledike', '2000-07-30', 22);
insert into Patient (patientID, firstName, lastName, birthDate, age) values (23, 'Jasmin', 'Merrydew', '1999-01-28', 23);
insert into Patient (patientID, firstName, lastName, birthDate, age) values (24, 'Giulietta', 'Brick', '2000-04-07', 22);
insert into Patient (patientID, firstName, lastName, birthDate, age) values (25, 'Jameson', 'Moules', '2001-11-06', 21);
insert into Patient (patientID, firstName, lastName, birthDate, age) values (26, 'Karola', 'de''-Ancy Willis', '2004-04-03', 18);
insert into Patient (patientID, firstName, lastName, birthDate, age) values (27, 'Orson', 'Utteridge', '2004-07-03', 18);
insert into Patient (patientID, firstName, lastName, birthDate, age) values (28, 'Eula', 'Hutchcraft', '2005-09-13', 17);
insert into Patient (patientID, firstName, lastName, birthDate, age) values (29, 'Doro', 'Wyman', '2000-10-05', 22);
insert into Patient (patientID, firstName, lastName, birthDate, age) values (30, 'Haywood', 'Cauldfield', '2002-12-26', 19);
insert into Patient (patientID, firstName, lastName, birthDate, age) values (31, 'Rosalinde', 'Delmage', '2001-04-14', 21);
insert into Patient (patientID, firstName, lastName, birthDate, age) values (32, 'Jammal', 'Lomasney', '2000-02-18', 22);
insert into Patient (patientID, firstName, lastName, birthDate, age) values (33, 'Avrit', 'Redier', '2000-04-26', 22);
insert into Patient (patientID, firstName, lastName, birthDate, age) values (34, 'Steffie', 'McDirmid', '2001-08-11', 21);
insert into Patient (patientID, firstName, lastName, birthDate, age) values (35, 'Yevette', 'Faull', '2005-02-14', 17);
insert into Patient (patientID, firstName, lastName, birthDate, age) values (36, 'Justinn', 'Wagon', '2004-07-09', 18);
insert into Patient (patientID, firstName, lastName, birthDate, age) values (37, 'Fairfax', 'Carillo', '2003-02-15', 19);
insert into Patient (patientID, firstName, lastName, birthDate, age) values (38, 'Galen', 'Whyley', '2002-05-19', 20);
insert into Patient (patientID, firstName, lastName, birthDate, age) values (39, 'Lew', 'Leadbitter', '2000-12-08', 22);
insert into Patient (patientID, firstName, lastName, birthDate, age) values (40, 'Marshall', 'Easbie', '2000-09-28', 22);
insert into Patient (patientID, firstName, lastName, birthDate, age) values (41, 'Marya', 'Perree', '2003-04-12', 19);
insert into Patient (patientID, firstName, lastName, birthDate, age) values (42, 'Nada', 'Matveichev', '2000-04-26', 22);
insert into Patient (patientID, firstName, lastName, birthDate, age) values (43, 'Felizio', 'Kenny', '2002-05-05', 20);
insert into Patient (patientID, firstName, lastName, birthDate, age) values (44, 'Rolph', 'Hutcheon', '1999-07-26', 23);
insert into Patient (patientID, firstName, lastName, birthDate, age) values (45, 'Fowler', 'Alenichev', '2005-08-03', 17);
insert into Patient (patientID, firstName, lastName, birthDate, age) values (46, 'Carilyn', 'Gerhold', '2003-09-16', 19);
insert into Patient (patientID, firstName, lastName, birthDate, age) values (47, 'Shannon', 'Anney', '2000-06-17', 22);
insert into Patient (patientID, firstName, lastName, birthDate, age) values (48, 'Cele', 'Waddilow', '2001-04-13', 21);
insert into Patient (patientID, firstName, lastName, birthDate, age) values (49, 'Mickey', 'Graham', '2001-02-07', 21);
insert into Patient (patientID, firstName, lastName, birthDate, age) values (50, 'Gertrude', 'Rijkeseis', '2002-06-14', 20);
insert into Patient (patientID, firstName, lastName, birthDate, age) values (51, 'Dav', 'Carnock', '2000-01-18', 22);
insert into Patient (patientID, firstName, lastName, birthDate, age) values (52, 'Giustino', 'O''Scollain', '2002-03-02', 20);
insert into Patient (patientID, firstName, lastName, birthDate, age) values (53, 'Ly', 'Dominguez', '2003-06-25', 19);
insert into Patient (patientID, firstName, lastName, birthDate, age) values (54, 'Adi', 'Hauck', '2002-11-15', 20);
insert into Patient (patientID, firstName, lastName, birthDate, age) values (55, 'Alejoa', 'Martineau', '2000-04-17', 22);
insert into Patient (patientID, firstName, lastName, birthDate, age) values (56, 'Marillin', 'Trowell', '2005-10-07', 17);
insert into Patient (patientID, firstName, lastName, birthDate, age) values (57, 'Kimble', 'Harmeston', '2005-04-02', 17);
insert into Patient (patientID, firstName, lastName, birthDate, age) values (58, 'Gayelord', 'Gwyllt', '2000-08-30', 22);
insert into Patient (patientID, firstName, lastName, birthDate, age) values (59, 'Melinde', 'Soppett', '2001-02-18', 21);
insert into Patient (patientID, firstName, lastName, birthDate, age) values (60, 'Leigh', 'Asch', '2002-12-13', 19);


-- Doctor
insert into Doctor (doctorID, specialization, firstName, lastName, consent) values (1, 'General Practitioner', 'Samuel', 'Booker', 1);
insert into Doctor (doctorID, specialization, firstName, lastName, consent) values (2, 'Orthopedic Surgery', 'Karoly', 'Shovelbottom', 1);
insert into Doctor (doctorID, specialization, firstName, lastName, consent) values (3, 'Ophthalmology', 'Juliane', 'McClymond', 1);
insert into Doctor (doctorID, specialization, firstName, lastName, consent) values (4, 'Ophthalmology', 'Patrice', 'Ruddick', 1);
insert into Doctor (doctorID, specialization, firstName, lastName, consent) values (5, 'Emergency Medicine', 'Lillian', 'Rawles', 1);
insert into Doctor (doctorID, specialization, firstName, lastName, consent) values (6, 'Oncology', 'Ulick', 'Lapre', 1);
insert into Doctor (doctorID, specialization, firstName, lastName, consent) values (7, 'Obstetrics and Gynecology', 'Welbie', 'Bengochea', 1);
insert into Doctor (doctorID, specialization, firstName, lastName, consent) values (8, 'Radiology', 'Carlos', 'Skep', 1);
insert into Doctor (doctorID, specialization, firstName, lastName, consent) values (9, 'Infectious Disease', 'Annabella', 'Stelfox', 1);
insert into Doctor (doctorID, specialization, firstName, lastName, consent) values (10, 'Allergy and Immunology', 'Casar', 'Seathwright', 1);
insert into Doctor (doctorID, specialization, firstName, lastName, consent) values (11, 'Pediatrics', 'Allan', 'Klaaassen', 1);
insert into Doctor (doctorID, specialization, firstName, lastName, consent) values (12, 'Family Medicine', 'Rayna', 'Colthard', 1);
insert into Doctor (doctorID, specialization, firstName, lastName, consent) values (13, 'Family Medicine', 'Addia', 'Bettanay', 1);
insert into Doctor (doctorID, specialization, firstName, lastName, consent) values (14, 'Gastroenterology', 'Belinda', 'Upwood', 1);
insert into Doctor (doctorID, specialization, firstName, lastName, consent) values (15, 'Geriatrics', 'Hyacinthia', 'Clunan', 1);
insert into Doctor (doctorID, specialization, firstName, lastName, consent) values (16, 'Emergency Medicine', 'Abran', 'Streeter', 1);
insert into Doctor (doctorID, specialization, firstName, lastName, consent) values (17, 'Internal Medicine', 'Cathyleen', 'Keppe', 1);
insert into Doctor (doctorID, specialization, firstName, lastName, consent) values (18, 'Otolaryngology (ENT)', 'Wit', 'Jeanes', 1);
insert into Doctor (doctorID, specialization, firstName, lastName, consent) values (19, 'Otolaryngology (ENT)', 'Julee', 'Edeson', 1);
insert into Doctor (doctorID, specialization, firstName, lastName, consent) values (20, 'Otolaryngology (ENT)', 'Natala', 'Diglin', 1);
insert into Doctor (doctorID, specialization, firstName, lastName, consent) values (21, 'Cardiology', 'Griffin', 'Heathwood', 1);
insert into Doctor (doctorID, specialization, firstName, lastName, consent) values (22, 'Orthopedic Surgery', 'Jonas', 'Rowlson', 1);
insert into Doctor (doctorID, specialization, firstName, lastName, consent) values (23, 'Obstetrics and Gynecology', 'Nelie', 'Heape', 1);
insert into Doctor (doctorID, specialization, firstName, lastName, consent) values (24, 'Endocrinology', 'Virgina', 'Massingberd', 1);
insert into Doctor (doctorID, specialization, firstName, lastName, consent) values (25, 'Psychiatry', 'Dalia', 'Scourge', 1);
insert into Doctor (doctorID, specialization, firstName, lastName, consent) values (26, 'Urology.', 'Emili', 'McAllester', 1);
insert into Doctor (doctorID, specialization, firstName, lastName, consent) values (27, 'Psychiatry', 'Fleming', 'Sandle', 1);
insert into Doctor (doctorID, specialization, firstName, lastName, consent) values (28, 'Gastroenterology', 'Hoyt', 'Dougary', 1);
insert into Doctor (doctorID, specialization, firstName, lastName, consent) values (29, 'Internal Medicine', 'Robinet', 'Rijkeseis', 1);
insert into Doctor (doctorID, specialization, firstName, lastName, consent) values (30, 'Sports Medicine', 'Herold', 'Lundie', 1);
insert into Doctor (doctorID, specialization, firstName, lastName, consent) values (31, 'Dermatology', 'Virgie', 'Flindall', 1);
insert into Doctor (doctorID, specialization, firstName, lastName, consent) values (32, 'Infectious Disease', 'Aldus', 'Baert', 1);
insert into Doctor (doctorID, specialization, firstName, lastName, consent) values (33, 'Gastroenterology', 'Yulma', 'Mewett', 1);
insert into Doctor (doctorID, specialization, firstName, lastName, consent) values (34, 'Family Medicine', 'Mortie', 'Gullick', 1);
insert into Doctor (doctorID, specialization, firstName, lastName, consent) values (35, 'Plastic Surgery', 'Dacia', 'Tatlowe', 1);
insert into Doctor (doctorID, specialization, firstName, lastName, consent) values (36, 'Endocrinology', 'Sydney', 'Cauldwell', 1);
insert into Doctor (doctorID, specialization, firstName, lastName, consent) values (37, 'Pathology', 'Viva', 'Tregona', 1);
insert into Doctor (doctorID, specialization, firstName, lastName, consent) values (38, 'Psychiatry', 'Larine', 'McBrearty', 1);
insert into Doctor (doctorID, specialization, firstName, lastName, consent) values (39, 'Physical Medicine and Rehabilitation', 'Helene', 'Lamba', 1);
insert into Doctor (doctorID, specialization, firstName, lastName, consent) values (40, 'Hematology', 'Brook', 'Birtwisle', 1);
insert into Doctor (doctorID, specialization, firstName, lastName, consent) values (41, 'Plastic Surgery', 'Alis', 'Melbourne', 1);
insert into Doctor (doctorID, specialization, firstName, lastName, consent) values (42, 'Hematology', 'Axel', 'Johanning', 1);
insert into Doctor (doctorID, specialization, firstName, lastName, consent) values (43, 'Cardiology', 'Rosana', 'Bertomieu', 1);
insert into Doctor (doctorID, specialization, firstName, lastName, consent) values (44, 'Pulmonology', 'Thomasa', 'Kislingbury', 1);
insert into Doctor (doctorID, specialization, firstName, lastName, consent) values (45, 'Gastroenterology', 'Neely', 'Chatenier', 1);
insert into Doctor (doctorID, specialization, firstName, lastName, consent) values (46, 'Allergy and Immunology', 'Anselm', 'Schleicher', 1);
insert into Doctor (doctorID, specialization, firstName, lastName, consent) values (47, 'Family Medicine', 'Vitia', 'Burleton', 1);
insert into Doctor (doctorID, specialization, firstName, lastName, consent) values (48, 'Plastic Surgery', 'Aundrea', 'Almak', 1);
insert into Doctor (doctorID, specialization, firstName, lastName, consent) values (49, 'Infectious Disease', 'Dur', 'Cheal', 1);
insert into Doctor (doctorID, specialization, firstName, lastName, consent) values (50, 'Nephrology', 'Cybil', 'Fawley', 1);
insert into Doctor (doctorID, specialization, firstName, lastName, consent) values (51, 'Internal Medicine', 'Viole', 'Gronaller', 1);
insert into Doctor (doctorID, specialization, firstName, lastName, consent) values (52, 'Sports Medicine', 'Todd', 'Dilliston', 1);
insert into Doctor (doctorID, specialization, firstName, lastName, consent) values (53, 'Nephrology', 'Morgan', 'Danielovitch', 1);
insert into Doctor (doctorID, specialization, firstName, lastName, consent) values (54, 'Rheumatology', 'Lock', 'Clink', 1);
insert into Doctor (doctorID, specialization, firstName, lastName, consent) values (55, 'Emergency Medicine', 'Vallie', 'Caddan', 1);
insert into Doctor (doctorID, specialization, firstName, lastName, consent) values (56, 'Neurology', 'Joye', 'Walenta', 1);
insert into Doctor (doctorID, specialization, firstName, lastName, consent) values (57, 'Dermatology', 'Kristine', 'Hardwell', 1);
insert into Doctor (doctorID, specialization, firstName, lastName, consent) values (58, 'Gastroenterology', 'Sigismund', 'Snoday', 1);
insert into Doctor (doctorID, specialization, firstName, lastName, consent) values (59, 'Radiology', 'Madelena', 'Dilks', 1);
insert into Doctor (doctorID, specialization, firstName, lastName, consent) values (60, 'Geriatrics', 'Delilah', 'Hollidge', 1);


-- Wellness Coach
insert into WellnessCoach (coachID, education, firstName, lastName, consent) values (1, 'Wellness Management', 'Jordan', 'Lee', 1);
insert into WellnessCoach (coachID, education, firstName, lastName, consent) values (2, 'Psychology', 'Cammy', 'Jaume', 0);
insert into WellnessCoach (coachID, education, firstName, lastName, consent) values (3, 'Psychology', 'Sydel', 'Edelman', 0);
insert into WellnessCoach (coachID, education, firstName, lastName, consent) values (4, 'Holistic Health', 'Spenser', 'Perview', 0);
insert into WellnessCoach (coachID, education, firstName, lastName, consent) values (5, 'Dietetics', 'Emanuele', 'Leaf', 0);
insert into WellnessCoach (coachID, education, firstName, lastName, consent) values (6, 'Health Promotion', 'Verine', 'Sellan', 1);
insert into WellnessCoach (coachID, education, firstName, lastName, consent) values (7, 'Wellness Management', 'Garvey', 'Lambrecht', 1);
insert into WellnessCoach (coachID, education, firstName, lastName, consent) values (8, 'Behavioral Science', 'Vinnie', 'Lawman', 1);
insert into WellnessCoach (coachID, education, firstName, lastName, consent) values (9, 'Sports Science', 'Frances', 'MacGebenay', 0);
insert into WellnessCoach (coachID, education, firstName, lastName, consent) values (10, 'Sports Science', 'Cosme', 'Greenland', 0);
insert into WellnessCoach (coachID, education, firstName, lastName, consent) values (11, 'Human Physiology', 'Herve', 'Rushsorth', 0);
insert into WellnessCoach (coachID, education, firstName, lastName, consent) values (12, 'Health Education', 'Husein', 'Kupke', 0);
insert into WellnessCoach (coachID, education, firstName, lastName, consent) values (13, 'Holistic Health', 'Joela', 'Lamb-shine', 0);
insert into WellnessCoach (coachID, education, firstName, lastName, consent) values (14, 'Kinesiology', 'Hastings', 'Seekings', 1);
insert into WellnessCoach (coachID, education, firstName, lastName, consent) values (15, 'Health Promotion', 'Arvy', 'Exley', 0);
insert into WellnessCoach (coachID, education, firstName, lastName, consent) values (16, 'Holistic Health', 'Danyette', 'Abel', 0);
insert into WellnessCoach (coachID, education, firstName, lastName, consent) values (17, 'Kinesiology', 'Katrina', 'Dwyer', 0);
insert into WellnessCoach (coachID, education, firstName, lastName, consent) values (18, 'Dietetics', 'Baily', 'Caves', 0);
insert into WellnessCoach (coachID, education, firstName, lastName, consent) values (19, 'Sociology', 'Galvin', 'Guillem', 0);
insert into WellnessCoach (coachID, education, firstName, lastName, consent) values (20, 'Counseling', 'Chere', 'Zylbermann', 0);
insert into WellnessCoach (coachID, education, firstName, lastName, consent) values (21, 'Health Coaching', 'Luce', 'Claffey', 0);
insert into WellnessCoach (coachID, education, firstName, lastName, consent) values (22, 'Physical Education', 'Bernardo', 'Whieldon', 0);
insert into WellnessCoach (coachID, education, firstName, lastName, consent) values (23, 'Health Promotion', 'Andris', 'Nibley', 0);
insert into WellnessCoach (coachID, education, firstName, lastName, consent) values (24, 'Psychology', 'Israel', 'Poynser', 0);
insert into WellnessCoach (coachID, education, firstName, lastName, consent) values (25, 'Counseling', 'Miltie', 'Melonby', 0);
insert into WellnessCoach (coachID, education, firstName, lastName, consent) values (26, 'Psychology', 'Andrey', 'Radcliffe', 0);
insert into WellnessCoach (coachID, education, firstName, lastName, consent) values (27, 'Fitness and Health', 'Remington', 'Murtimer', 0);
insert into WellnessCoach (coachID, education, firstName, lastName, consent) values (28, 'Behavioral Science', 'Vallie', 'Ugoni', 0);
insert into WellnessCoach (coachID, education, firstName, lastName, consent) values (29, 'Psychology', 'Mia', 'Essery', 0);
insert into WellnessCoach (coachID, education, firstName, lastName, consent) values (30, 'Sociology', 'Jeanine', 'Kirkebye', 0);
insert into WellnessCoach (coachID, education, firstName, lastName, consent) values (31, 'Integrative Health', 'Myles', 'Palfreman', 0);
insert into WellnessCoach (coachID, education, firstName, lastName, consent) values (32, 'Dietetics', 'Bron', 'Steere', 0);
insert into WellnessCoach (coachID, education, firstName, lastName, consent) values (33, 'Health Coaching', 'Dierdre', 'Calloway', 0);
insert into WellnessCoach (coachID, education, firstName, lastName, consent) values (34, 'Nursing', 'Linell', 'McGiffie', 0);
insert into WellnessCoach (coachID, education, firstName, lastName, consent) values (35, 'Sports Science', 'Ed', 'Dosedale', 0);
insert into WellnessCoach (coachID, education, firstName, lastName, consent) values (36, 'Sports Science', 'Benjamen', 'Girardi', 0);
insert into WellnessCoach (coachID, education, firstName, lastName, consent) values (37, 'Health Coaching', 'Matthias', 'Naisbit', 0);
insert into WellnessCoach (coachID, education, firstName, lastName, consent) values (38, 'Public Health', 'Franciskus', 'Dearnaly', 0);
insert into WellnessCoach (coachID, education, firstName, lastName, consent) values (39, 'Nursing', 'Bartie', 'Winnister', 0);
insert into WellnessCoach (coachID, education, firstName, lastName, consent) values (40, 'Psychology', 'Marnie', 'Venn', 0);
insert into WellnessCoach (coachID, education, firstName, lastName, consent) values (41, 'Sociology', 'Issy', 'McCluskey', 0);
insert into WellnessCoach (coachID, education, firstName, lastName, consent) values (42, 'Nursing', 'Ingar', 'Beton', 0);
insert into WellnessCoach (coachID, education, firstName, lastName, consent) values (43, 'Health Coaching', 'Kennett', 'Brightman', 0);
insert into WellnessCoach (coachID, education, firstName, lastName, consent) values (44, 'Sociology', 'Chalmers', 'Sebrens', 0);
insert into WellnessCoach (coachID, education, firstName, lastName, consent) values (45, 'Counseling', 'Corby', 'Hullins', 0);
insert into WellnessCoach (coachID, education, firstName, lastName, consent) values (46, 'Kinesiology', 'Salomo', 'Josilowski', 0);
insert into WellnessCoach (coachID, education, firstName, lastName, consent) values (47, 'Counseling', 'Emelyne', 'Sydall', 0);
insert into WellnessCoach (coachID, education, firstName, lastName, consent) values (48, 'Exercise Science', 'Rolland', 'Byrcher', 0);
insert into WellnessCoach (coachID, education, firstName, lastName, consent) values (49, 'Sociology', 'Zacherie', 'Hammerson', 0);
insert into WellnessCoach (coachID, education, firstName, lastName, consent) values (50, 'Behavioral Science', 'Dallis', 'Breit', 0);
insert into WellnessCoach (coachID, education, firstName, lastName, consent) values (51, 'Holistic Health', 'Tybalt', 'MacPeake', 0);
insert into WellnessCoach (coachID, education, firstName, lastName, consent) values (52, 'Fitness and Health', 'Ursala', 'Rebichon', 0);
insert into WellnessCoach (coachID, education, firstName, lastName, consent) values (53, 'Fitness and Health', 'Christin', 'Burtwhistle', 0);
insert into WellnessCoach (coachID, education, firstName, lastName, consent) values (54, 'Kinesiology', 'Brear', 'Haldin', 0);
insert into WellnessCoach (coachID, education, firstName, lastName, consent) values (55, 'Fitness and Health', 'Hew', 'McIntee', 0);
insert into WellnessCoach (coachID, education, firstName, lastName, consent) values (56, 'Behavioral Science', 'Melisse', 'Denerley', 0);
insert into WellnessCoach (coachID, education, firstName, lastName, consent) values (57, 'Sports Science', 'Esra', 'Megarrell', 0);
insert into WellnessCoach (coachID, education, firstName, lastName, consent) values (58, 'Behavioral Science', 'Wyatan', 'Sibly', 0);
insert into WellnessCoach (coachID, education, firstName, lastName, consent) values (59, 'Integrative Health', 'Henrieta', 'Hantusch', 0);
insert into WellnessCoach (coachID, education, firstName, lastName, consent) values (60, 'Health Education', 'Brandea', 'Brooking', 0);

-- Insurance Representative
insert into InsuranceRepresentative (repID, company, firstName, lastName, consent) values (1, 'Allstate', 'Alicia', 'Ramirez', 0);
insert into InsuranceRepresentative (repID, company, firstName, lastName, consent) values (2, 'Farmers Insurance', 'Audre', 'Dudeney', 0);
insert into InsuranceRepresentative (repID, company, firstName, lastName, consent) values (3, 'Liberty Mutual', 'Shina', 'Pinchen', 0);
insert into InsuranceRepresentative (repID, company, firstName, lastName, consent) values (4, 'Farmers Insurance', 'Abelard', 'Piperley', 0);
insert into InsuranceRepresentative (repID, company, firstName, lastName, consent) values (5, 'Blue Cross Blue Shield', 'Stephine', 'Potier', 0);
insert into InsuranceRepresentative (repID, company, firstName, lastName, consent) values (6, 'Travelers', 'Babita', 'Lean', 0);
insert into InsuranceRepresentative (repID, company, firstName, lastName, consent) values (7, 'Progressive', 'Mil', 'Hurl', 0);
insert into InsuranceRepresentative (repID, company, firstName, lastName, consent) values (8, 'Cigna', 'Gaby', 'Crangle', 0);
insert into InsuranceRepresentative (repID, company, firstName, lastName, consent) values (9, 'Cigna', 'Lancelot', 'Maymond', 0);
insert into InsuranceRepresentative (repID, company, firstName, lastName, consent) values (10, 'Travelers', 'Bordie', 'Sertin', 0);
insert into InsuranceRepresentative (repID, company, firstName, lastName, consent) values (11, 'UnitedHealth Group', 'Uta', 'Crichmere', 0);
insert into InsuranceRepresentative (repID, company, firstName, lastName, consent) values (12, 'Farmers Insurance', 'Trixi', 'Kemson', 0);
insert into InsuranceRepresentative (repID, company, firstName, lastName, consent) values (13, 'Cigna', 'Wittie', 'McNamee', 0);
insert into InsuranceRepresentative (repID, company, firstName, lastName, consent) values (14, 'Nationwide', 'Moritz', 'Knowler', 0);
insert into InsuranceRepresentative (repID, company, firstName, lastName, consent) values (15, 'Travelers', 'Hersh', 'Dishmon', 0);
insert into InsuranceRepresentative (repID, company, firstName, lastName, consent) values (16, 'Aetna', 'Pascal', 'Lowson', 0);
insert into InsuranceRepresentative (repID, company, firstName, lastName, consent) values (17, 'State Farm', 'Rhodie', 'Witcher', 0);
insert into InsuranceRepresentative (repID, company, firstName, lastName, consent) values (18, 'State Farm', 'Meara', 'Aberdein', 0);
insert into InsuranceRepresentative (repID, company, firstName, lastName, consent) values (19, 'USAA', 'Maude', 'Innot', 0);
insert into InsuranceRepresentative (repID, company, firstName, lastName, consent) values (20, 'MetLife', 'Garek', 'Caisley', 0);
insert into InsuranceRepresentative (repID, company, firstName, lastName, consent) values (21, 'Allstate', 'Jarid', 'Dooher', 0);
insert into InsuranceRepresentative (repID, company, firstName, lastName, consent) values (22, 'Liberty Mutual', 'Miguelita', 'Hughesdon', 0);
insert into InsuranceRepresentative (repID, company, firstName, lastName, consent) values (23, 'UnitedHealth Group', 'Jarrod', 'Tonsley', 0);
insert into InsuranceRepresentative (repID, company, firstName, lastName, consent) values (24, 'Nationwide', 'Kalil', 'Killshaw', 0);
insert into InsuranceRepresentative (repID, company, firstName, lastName, consent) values (25, 'USAA', 'Chester', 'Bullers', 0);
insert into InsuranceRepresentative (repID, company, firstName, lastName, consent) values (26, 'Liberty Mutual', 'Irita', 'Haffard', 0);
insert into InsuranceRepresentative (repID, company, firstName, lastName, consent) values (27, 'Cigna', 'Yul', 'Krugmann', 0);
insert into InsuranceRepresentative (repID, company, firstName, lastName, consent) values (28, 'Aetna', 'Tate', 'Deller', 0);
insert into InsuranceRepresentative (repID, company, firstName, lastName, consent) values (29, 'Blue Cross Blue Shield', 'Cherianne', 'Warmisham', 0);
insert into InsuranceRepresentative (repID, company, firstName, lastName, consent) values (30, 'MetLife', 'Jeanna', 'Roycraft', 0);
insert into InsuranceRepresentative (repID, company, firstName, lastName, consent) values (31, 'State Farm', 'Findley', 'Ogles', 0);
insert into InsuranceRepresentative (repID, company, firstName, lastName, consent) values (32, 'UnitedHealth Group', 'Donella', 'Maddra', 0);
insert into InsuranceRepresentative (repID, company, firstName, lastName, consent) values (33, 'Allstate', 'Anton', 'Dainty', 0);
insert into InsuranceRepresentative (repID, company, firstName, lastName, consent) values (34, 'Farmers Insurance', 'Bernete', 'Evison', 0);
insert into InsuranceRepresentative (repID, company, firstName, lastName, consent) values (35, 'USAA', 'Melody', 'Sandcraft', 0);
insert into InsuranceRepresentative (repID, company, firstName, lastName, consent) values (36, 'Prudential', 'Ive', 'Dot', 0);
insert into InsuranceRepresentative (repID, company, firstName, lastName, consent) values (37, 'Aetna', 'Dion', 'Saladino', 0);
insert into InsuranceRepresentative (repID, company, firstName, lastName, consent) values (38, 'UnitedHealth Group', 'Newton', 'MacVicar', 0);
insert into InsuranceRepresentative (repID, company, firstName, lastName, consent) values (39, 'Prudential', 'Rina', 'Rawle', 0);
insert into InsuranceRepresentative (repID, company, firstName, lastName, consent) values (40, 'Cigna', 'Peirce', 'Southernwood', 0);
insert into InsuranceRepresentative (repID, company, firstName, lastName, consent) values (41, 'Aetna', 'Paten', 'Landrean', 0);
insert into InsuranceRepresentative (repID, company, firstName, lastName, consent) values (42, 'Prudential', 'Denise', 'Bagshawe', 0);
insert into InsuranceRepresentative (repID, company, firstName, lastName, consent) values (43, 'State Farm', 'Miran', 'Bingle', 0);
insert into InsuranceRepresentative (repID, company, firstName, lastName, consent) values (44, 'Travelers', 'Maisie', 'Veldstra', 0);
insert into InsuranceRepresentative (repID, company, firstName, lastName, consent) values (45, 'Liberty Mutual', 'Noel', 'Casacchia', 0);
insert into InsuranceRepresentative (repID, company, firstName, lastName, consent) values (46, 'State Farm', 'Katie', 'Kearle', 0);
insert into InsuranceRepresentative (repID, company, firstName, lastName, consent) values (47, 'Farmers Insurance', 'Quint', 'Fanti', 0);
insert into InsuranceRepresentative (repID, company, firstName, lastName, consent) values (48, 'Cigna', 'Valentia', 'Possel', 0);
insert into InsuranceRepresentative (repID, company, firstName, lastName, consent) values (49, 'Cigna', 'Chryste', 'Archer', 0);
insert into InsuranceRepresentative (repID, company, firstName, lastName, consent) values (50, 'Blue Cross Blue Shield', 'Cristabel', 'Koop', 0);
insert into InsuranceRepresentative (repID, company, firstName, lastName, consent) values (51, 'UnitedHealth Group', 'Christoper', 'Yurov', 0);
insert into InsuranceRepresentative (repID, company, firstName, lastName, consent) values (52, 'Blue Cross Blue Shield', 'Jamil', 'Ridding', 0);
insert into InsuranceRepresentative (repID, company, firstName, lastName, consent) values (53, 'Allstate', 'Sandy', 'Dalliwater', 0);
insert into InsuranceRepresentative (repID, company, firstName, lastName, consent) values (54, 'MetLife', 'Gareth', 'Barsham', 0);
insert into InsuranceRepresentative (repID, company, firstName, lastName, consent) values (55, 'Farmers Insurance', 'Marmaduke', 'Maffucci', 0);
insert into InsuranceRepresentative (repID, company, firstName, lastName, consent) values (56, 'Liberty Mutual', 'Berny', 'Jacques', 0);
insert into InsuranceRepresentative (repID, company, firstName, lastName, consent) values (57, 'Prudential', 'Merline', 'Decker', 0);
insert into InsuranceRepresentative (repID, company, firstName, lastName, consent) values (58, 'Nationwide', 'Aile', 'Markson', 0);
insert into InsuranceRepresentative (repID, company, firstName, lastName, consent) values (59, 'UnitedHealth Group', 'Gerik', 'Ughetti', 0);
insert into InsuranceRepresentative (repID, company, firstName, lastName, consent) values (60, 'Nationwide', 'Jarrett', 'Cowope', 0);

-- Visit
insert into Visit (visitid, purpose, visitdate, patientid, doctorid, coachid, canceled) values (1, 'Annual Check-up', '2023-03-21', 1, 1, 30, 0);
insert into Visit (visitid, purpose, visitdate, patientid, doctorid, coachid, canceled) values (2, 'Migraine Consultation', '2023-02-11', 1, 18, 20, 1);
insert into Visit (visitid, purpose, visitdate, patientid, doctorid, coachid, canceled) values (3, 'Dental Check-up', '2023-01-06', 1, 1, 1, 0);
insert into Visit (visitid, purpose, visitdate, patientid, doctorid, coachid, canceled) values (4, 'Medication Review', '2023-10-22', 1, 2, 8, 0);
insert into Visit (visitid, purpose, visitdate, patientid, doctorid, coachid, canceled) values (5, 'Physical Therapy Session', '2023-08-01', 35, 12, 28, 1);
insert into Visit (visitid, purpose, visitdate, patientid, doctorid, coachid, canceled) values (6, 'Cardiology Consultation', '2023-08-09', 57, 51, 60, 1);
insert into Visit (visitid, purpose, visitdate, patientid, doctorid, coachid, canceled) values (7, 'Orthopedic Consultation', '2023-07-09', 56, 29, 1, 1);
insert into Visit (visitid, purpose, visitdate, patientid, doctorid, coachid, canceled) values (8, 'Routine Vaccination', '2023-10-28', 26, 18, 38, 1);
insert into Visit (visitid, purpose, visitdate, patientid, doctorid, coachid, canceled) values (9, 'Dermatology Consultation', '2023-08-08', 52, 21, 57, 1);
insert into Visit (visitid, purpose, visitdate, patientid, doctorid, coachid, canceled) values (10, 'Health Screening', '2023-07-31', 37, 52, 40, 1);
insert into Visit (visitid, purpose, visitdate, patientid, doctorid, coachid, canceled) values (11, 'Nutrition Counseling', '2023-10-28', 39, 34, 12, 1);
insert into Visit (visitid, purpose, visitdate, patientid, doctorid, coachid, canceled) values (12, 'Audiology Appointment', '2023-07-01', 8, 60, 37, 1);
insert into Visit (visitid, purpose, visitdate, patientid, doctorid, coachid, canceled) values (13, 'Eye Examination', '2023-08-19', 34, 38, 1, 0);
insert into Visit (visitid, purpose, visitdate, patientid, doctorid, coachid, canceled) values (14, 'Psychological Therapy', '2022-12-20', 24, 48, 32, 1);
insert into Visit (visitid, purpose, visitdate, patientid, doctorid, coachid, canceled) values (15, 'Fitness Assessment', '2023-10-24', 6, 20, 9, 0);
insert into Visit (visitid, purpose, visitdate, patientid, doctorid, coachid, canceled) values (16, 'Neurology Consultation', '2023-10-29', 33, 5, 43, 1);
insert into Visit (visitid, purpose, visitdate, patientid, doctorid, coachid, canceled) values (17, 'ENT Check-up', '2023-03-29', 60, 11, 12, 0);
insert into Visit (visitid, purpose, visitdate, patientid, doctorid, coachid, canceled) values (18, 'Gastroenterology Consultation', '2022-12-28', 23, 15, 24, 0);
insert into Visit (visitid, purpose, visitdate, patientid, doctorid, coachid, canceled) values (19, 'Chiropractic Adjustment', '2023-02-05', 37, 59, 34, 1);
insert into Visit (visitid, purpose, visitdate, patientid, doctorid, coachid, canceled) values (20, 'Acupuncture Session', '2023-07-22', 24, 17, 43, 1);
insert into Visit (visitid, purpose, visitdate, patientid, doctorid, coachid, canceled) values (21, 'Wellness Coaching Session', '2023-05-26', 49, 26, 44, 1);
insert into Visit (visitid, purpose, visitdate, patientid, doctorid, coachid, canceled) values (22, 'Diabetic Care Consultation', '2023-07-29', 33, 17, 22, 1);
insert into Visit (visitid, purpose, visitdate, patientid, doctorid, coachid, canceled) values (23, 'Stress Management Session', '2023-07-05', 40, 3, 34, 1);
insert into Visit (visitid, purpose, visitdate, patientid, doctorid, coachid, canceled) values (24, 'Obstetrics Appointment', '2023-02-05', 54, 48, 50, 1);
insert into Visit (visitid, purpose, visitdate, patientid, doctorid, coachid, canceled) values (25, 'Rehabilitation Session', '2022-12-05', 21, 39, 45, 0);
insert into Visit (visitid, purpose, visitdate, patientid, doctorid, coachid, canceled) values (26, 'Mental Health Counseling', '2023-10-11', 13, 46, 7, 1);
insert into Visit (visitid, purpose, visitdate, patientid, doctorid, coachid, canceled) values (27, 'Hypertension Follow-up', '2022-12-24', 34, 22, 55, 0);
insert into Visit (visitid, purpose, visitdate, patientid, doctorid, coachid, canceled) values (28, 'Skin Allergy Testing', '2023-01-11', 26, 1, 44, 0);
insert into Visit (visitid, purpose, visitdate, patientid, doctorid, coachid, canceled) values (29, 'Orthopedic Rehabilitation', '2023-06-30', 21, 16, 38, 1);
insert into Visit (visitid, purpose, visitdate, patientid, doctorid, coachid, canceled) values (30, 'Weight Management Consultation', '2023-04-19', 3, 59, 46, 0);
insert into Visit (visitid, purpose, visitdate, patientid, doctorid, coachid, canceled) values (31, 'Routine Blood Test', '2023-09-07', 33, 32, 25, 1);
insert into Visit (visitid, purpose, visitdate, patientid, doctorid, coachid, canceled) values (32, 'Allergy Consultation', '2023-07-12', 35, 6, 50, 0);
insert into Visit (visitid, purpose, visitdate, patientid, doctorid, coachid, canceled) values (33, 'General Consultation', '2023-05-17', 51, 35, 9, 1);
insert into Visit (visitid, purpose, visitdate, patientid, doctorid, coachid, canceled) values (34, 'Post-Surgery Follow-up', '2023-11-30', 29, 54, 38, 0);
insert into Visit (visitid, purpose, visitdate, patientid, doctorid, coachid, canceled) values (35, 'Sports Injury Assessment', '2023-05-19', 27, 14, 25, 0);
insert into Visit (visitid, purpose, visitdate, patientid, doctorid, coachid, canceled) values (36, 'Prenatal Check-up', '2022-12-29', 54, 7, 19, 1);
insert into Visit (visitid, purpose, visitdate, patientid, doctorid, coachid, canceled) values (37, 'Child Wellness Check', '2023-05-07', 47, 52, 37, 1);
insert into Visit (visitid, purpose, visitdate, patientid, doctorid, coachid, canceled) values (38, 'Sleep Disorder Consultation', '2023-11-07', 59, 26, 52, 1);
insert into Visit (visitid, purpose, visitdate, patientid, doctorid, coachid, canceled) values (39, 'Ophthalmology Appointment', '2023-08-21', 35, 24, 27, 1);
insert into Visit (visitid, purpose, visitdate, patientid, doctorid, coachid, canceled) values (40, 'Dietary Counseling', '2023-09-11', 39, 8, 30, 0);
insert into Visit (visitid, purpose, visitdate, patientid, doctorid, coachid, canceled) values (41, 'Arthritis Management', '2023-05-07', 49, 40, 48, 0);
insert into Visit (visitid, purpose, visitdate, patientid, doctorid, coachid, canceled) values (42, 'Chronic Pain Management', '2023-04-09', 34, 41, 49, 0);
insert into Visit (visitid, purpose, visitdate, patientid, doctorid, coachid, canceled) values (43, 'Mental Health Evaluation', '2023-07-03', 51, 9, 11, 0);
insert into Visit (visitid, purpose, visitdate, patientid, doctorid, coachid, canceled) values (44, 'Osteoporosis Screening', '2023-05-05', 38, 28, 44, 1);
insert into Visit (visitid, purpose, visitdate, patientid, doctorid, coachid, canceled) values (45, 'Endocrinology Consultation', '2023-05-17', 41, 20, 54, 0);
insert into Visit (visitid, purpose, visitdate, patientid, doctorid, coachid, canceled) values (46, 'Geriatric Health Check', '2023-01-23', 47, 5, 44, 0);
insert into Visit (visitid, purpose, visitdate, patientid, doctorid, coachid, canceled) values (47, 'Pediatric Vaccination', '2023-02-05', 4, 38, 21, 0);
insert into Visit (visitid, purpose, visitdate, patientid, doctorid, coachid, canceled) values (48, 'Skin Cancer Screening', '2023-02-15', 37, 56, 44, 0);
insert into Visit (visitid, purpose, visitdate, patientid, doctorid, coachid, canceled) values (49, 'Vascular Health Assessment', '2023-02-14', 26, 20, 2, 0);
insert into Visit (visitid, purpose, visitdate, patientid, doctorid, coachid, canceled) values (50, 'Diabetes Management Review', '2023-05-15', 51, 27, 41, 0);
insert into Visit (visitid, purpose, visitdate, patientid, doctorid, coachid, canceled) values (51, 'Podiatry Appointment', '2023-05-27', 14, 5, 33, 0);
insert into Visit (visitid, purpose, visitdate, patientid, doctorid, coachid, canceled) values (52, 'Urology Consultation', '2023-09-10', 45, 52, 8, 1);
insert into Visit (visitid, purpose, visitdate, patientid, doctorid, coachid, canceled) values (53, 'Emergency Injury Treatment', '2023-01-20', 37, 3, 15, 1);
insert into Visit (visitid, purpose, visitdate, patientid, doctorid, coachid, canceled) values (54, 'Respiratory Function Test', '2023-04-08', 32, 13, 2, 1);
insert into Visit (visitid, purpose, visitdate, patientid, doctorid, coachid, canceled) values (55, 'Orthodontic Consultation', '2023-10-19', 44, 19, 11, 0);
insert into Visit (visitid, purpose, visitdate, patientid, doctorid, coachid, canceled) values (56, 'Back Pain Consultation', '2023-10-13', 39, 18, 57, 0);
insert into Visit (visitid, purpose, visitdate, patientid, doctorid, coachid, canceled) values (57, 'Stomach Ulcer Follow-up', '2023-08-23', 3, 27, 35, 1);
insert into Visit (visitid, purpose, visitdate, patientid, doctorid, coachid, canceled) values (58, 'Lymphatic Drainage Therapy', '2023-02-07', 44, 42, 14, 1);
insert into Visit (visitid, purpose, visitdate, patientid, doctorid, coachid, canceled) values (59, 'Varicose Vein Consultation', '2023-07-23', 14, 55, 1, 1);
insert into Visit (visitid, purpose, visitdate, patientid, doctorid, coachid, canceled) values (60, 'Knee Joint Examination', '2023-11-28', 30, 48, 48, 0);

-- Lab Results
insert into LabResults (testID, result, type, testDate, patientID) values 
(1, 'Normal', 'Urinalysis', '2023-02-23', 42),
(2, 'Elevated liver enzymes', 'Liver Enzymes', '2023-07-11', 1),
(3, 'Cholesterol levels within normal range', 'Lipid Profile', '2023-05-24', 4),
(4, 'Blood glucose level normal', 'Blood Glucose', '2023-08-20', 57),
(5, 'No abnormalities detected', 'Brain Scans', '2023-09-15', 1),
(6, 'Blood urea nitrogen levels slightly high', 'BUN (Blood Urea Nitrogen)', '2023-04-14', 23),
(7, 'Liver function normal', 'Liver Enzymes', '2023-02-05', 37),
(8, 'No hepatitis infection detected', 'Hepatitis Panel', '2023-10-28', 27),
(9, 'Blood glucose level slightly elevated', 'Blood Glucose', '2023-03-23', 14),
(10, 'No significant tumor markers found', 'Tumor Markers', '2023-04-02', 30),
(11, 'HIV negative', 'HIV Test', '2023-04-03', 46),
(12, 'High LDL cholesterol levels', 'Lipid Profile', '2023-06-13', 20),
(13, 'Prostate-specific antigen levels normal', 'PSA', '2023-01-14', 9),
(14, 'Thyroid hormone levels normal', 'TSH (Thyroid Stimulating Hormone)', '2023-01-13', 44),
(15, 'TSH levels within normal limits', 'TSH (Thyroid Stimulating Hormone)', '2023-01-19', 25),
(16, 'Cholesterol levels elevated', 'Lipid Profile', '2023-07-06', 5),
(17, 'Normal kidney function', 'BUN (Blood Urea Nitrogen)', '2023-08-18', 10),
(18, 'Blood urea nitrogen levels within normal range', 'BUN (Blood Urea Nitrogen)', '2023-11-28', 46),
(19, 'Blood glucose levels consistent with diabetes', 'Blood Glucose', '2023-10-23', 57),
(20, 'High triglycerides level', 'Lipid Profile', '2023-03-28', 50),
(21, 'Thyroid hormone levels slightly elevated', 'TSH (Thyroid Stimulating Hormone)', '2023-10-25', 6),
(22, 'No bone fractures detected', 'X-rays', '2023-03-19', 11),
(23, 'HIV negative', 'HIV Test', '2023-06-03', 1),
(24, 'White blood cell count normal', 'Complete Blood Count (CBC)', '2023-07-11', 2),
(25, 'Electrolyte levels normal', 'Metabolic Panel', '2023-03-09', 20),
(26, 'No hepatitis infection detected', 'Hepatitis Panel', '2023-11-09', 1),
(27, 'Blood urea nitrogen levels slightly low', 'BUN (Blood Urea Nitrogen)', '2023-05-06', 25),
(28, 'Urinalysis normal', 'Urinalysis', '2022-12-16', 51),
(29, 'Creatinine levels within normal range', 'Creatinine Levels', '2023-05-03', 13),
(30, 'Red blood cell count normal', 'Complete Blood Count (CBC)', '2023-01-25', 8),
(31, 'Prostate-specific antigen within normal range', 'PSA', '2023-05-07', 35),
(32, 'Metabolic panel indicates normal kidney and liver function', 'Metabolic Panel', '2023-11-01', 48),
(33, 'HIV test results negative', 'HIV Test', '2023-08-21', 26),
(34, 'No hepatitis viruses detected', 'Hepatitis Panel', '2023-07-24', 40),
(35, 'Liver function tests within normal limits', 'Hepatitis Panel', '2022-12-20', 57),
(36, 'X-ray shows no bone abnormalities', 'X-rays', '2023-09-24', 21),
(37, 'X-ray results normal, no fractures detected', 'X-rays', '2023-09-16', 19),
(38, 'Metabolic panel results within normal range', 'Metabolic Panel', '2023-01-25', 37),
(39, 'Prostate-specific antigen (PSA) levels normal', 'PSA', '2023-02-11', 32),
(40, 'Cholesterol levels slightly elevated', 'Lipid Profile', '2023-01-18', 25),
(41, 'Electrocardiogram (ECG) shows normal heart rhythm', 'ECG or EKG (Electrocardiogram)', '2023-10-06', 45),
(42, 'Blood urea nitrogen levels within normal range', 'BUN (Blood Urea Nitrogen)', '2023-04-12', 19),
(43, 'X-ray indicates no lung issues', 'X-rays', '2023-09-06', 32),
(44, 'Electrocardiogram (ECG) indicates a regular heart rhythm', 'ECG or EKG (Electrocardiogram)', '2023-08-20', 57),
(45, 'Thyroid hormone levels slightly above normal', 'TSH (Thyroid Stimulating Hormone)', '2023-07-28', 50),
(46, 'Blood urea nitrogen levels normal', 'BUN (Blood Urea Nitrogen)', '2023-09-28', 8),
(47, 'Cholesterol levels within normal limits', 'Lipid Profile', '2023-10-31', 21),
(48, 'Urinalysis shows no signs of infection', 'Urinalysis', '2023-09-24', 5),
(49, 'Cholesterol levels slightly high', 'Lipid Profile', '2023-02-06', 7),
(50, 'Creatinine levels indicate normal kidney function', 'Creatinine Levels', '2023-05-11', 23),
(51, 'No hepatitis viruses detected in hepatitis panel', 'Hepatitis Panel', '2023-01-20', 39),
(52, 'Thyroid hormone levels within normal range', 'TSH (Thyroid Stimulating Hormone)', '2022-12-23', 2),
(53, 'Blood glucose levels within normal range', 'Blood Glucose', '2023-04-18', 35),
(54, 'Blood urea nitrogen levels indicate normal kidney function', 'BUN (Blood Urea Nitrogen)', '2023-11-27', 15),
(55, 'Cholesterol levels indicate hyperlipidemia', 'Lipid Profile', '2023-05-18', 59),
(56, 'Blood urea nitrogen levels normal', 'BUN (Blood Urea Nitrogen)', '2023-05-19', 25),
(57, 'Creatinine levels normal, indicating healthy kidney function', 'Creatinine Levels', '2023-04-21', 8),
(58, 'Blood urea nitrogen levels within normal limits', 'BUN (Blood Urea Nitrogen)', '2023-08-18', 1),
(59, 'Complete blood count shows normal white and red blood cell counts', 'Complete Blood Count (CBC)', '2023-10-11', 12),
(60, 'X-ray shows no abnormalities in the examined area', 'X-rays', '2022-12-25', 47);

-- Prescriptions
-- may have to change dates 
insert into Prescriptions (scriptid, type, visitid, testid, patientid, resultdate, company, doctorid, status, dateprescribed, pharmacy, medication, duration, inactive) values 
(1, 'Prescription', 8, 52, 1, '2023-04-23', 'Pfizer', 1, 'Active', '2023-06-25', 'Waters and Sons', 'Allergy Medication', 12, 0),
(2, 'Prescription', 9, 1, 1, '2023-10-20', 'Merck', 1, 'Active', '2023-01-10', 'Morissette-Emmerich', 'Aspirin', 78, 0),
(3, 'Prescription', 56, 40, 23, '2023-06-18', 'GSK', 4, 'Inactive', '2023-11-07', 'Sauer-Friesen', 'Venlafaxine Hydrochloride', 17, 1),
(4, 'Prescription', 16, 35, 8, '2023-10-29', 'Johnson & Johnson', 32, 'Inactive', '2023-04-29', 'Carroll, Murray and Grimes', 'OCTINOXATE, TITANIUM DIOXIDE, and ZINC OXIDE', 57, 1),
(5, 'Prescription', 9, 14, 46, '2023-11-30', 'Novartis', 13, 'Active', '2023-01-26', 'Hodkiewicz, Bergnaum and Cormier', 'Sunscreen', 16, 0),
(6, 'Prescription', 29, 45, 27, '2023-04-16', 'Sanofi', 28, 'Inactive', '2023-07-24', 'Walsh and Sons', 'Ketorolac Tromethamine', 29, 1),
(7, 'Prescription', 56, 3, 23, '2023-07-24', 'Roche', 27, 'Active', '2023-06-02', 'Sipes, Johns and Herman', 'Chlorhexidine Gluconate', 11, 0),
(8, 'Prescription', 17, 5, 23, '2023-08-06', 'AbbVie', 37, 'Active', '2023-07-06', 'Halvorson and Sons', 'Metoprolol Succinate', 52, 0),
(9, 'Prescription', 15, 35, 33, '2023-06-11', 'Teva', 40, 'Inactive', '2023-05-28', 'Green-Funk', 'Titanium Dioxide', 10, 1),
(10, 'Prescription', 27, 11, 38, '2023-05-18', 'AstraZeneca', 33, 'Active', '2023-04-24', 'Mitchell and Sons', 'Diphenhydramine HCL, Zinc Acetate', 73, 0),
(11, 'Prescription', 40, 14, 48, '2023-06-05', 'Bayer', 28, 'Active', '2023-05-29', 'Predovic, Champlin and Sipes', 'Pioglitazone Hydrochloride', 14, 0),
(12, 'Prescription', 10, 59, 34, '2023-06-05', 'Eli Lilly', 5, 'Active', '2023-10-01', 'Ritchie, Terry and Crooks', 'Triclosan', 33, 0),
(13, 'Prescription', 38, 58, 2, '2023-03-24', 'Moderna', 32, 'Active', '2023-06-09', 'Schowalter-Mann', 'Oxymetazoline Hydrochloride', 76, 0),
(14, 'Prescription', 2, 52, 52, '2023-05-14', 'Regeneron', 28, 'Active', '2023-03-13', 'Jaskolski, Boyle and Krajcik', 'Oxycodone Hydrochloride', 49, 0),
(15, 'Prescription', 57, 42, 8, '2023-07-08', 'Bristol Myers Squibb', 23, 'Active', '2023-05-31', 'Hegmann-Kirlin', 'Loperamide Hydrochloride', 68, 0),
(16, 'Prescription', 51, 51, 17, '2023-05-16', 'Allergan', 17, 'Active', '2023-01-13', 'Nienow, Gulgowski and Conroy', 'Fluticasone Propionate', 23, 0),
(17, 'Prescription', 2, 44, 56, '2023-07-31', 'Genentech', 34, 'Active', '2023-04-26', 'Metz Inc', 'Alprazolam', 85, 0),
(18, 'Prescription', 34, 51, 25, '2022-12-17', 'Amgen', 33, 'Active', '2023-04-20', 'Harvey Inc', 'Acetaminophen, Dextromethorphan Hydrobromide, Phenylephrine Hydrochloride', 42, 0),
(19, 'Prescription', 47, 18, 32, '2023-05-27', 'Purdue Pharma', 19, 'Inactive', '2023-04-17', 'Sawayn-Lueilwitz', 'Hydrocodone Bitartrate, Acetaminophen', 26, 1),
(20, 'Prescription', 29, 17, 53, '2023-10-02', 'Sun Pharma', 50, 'Inactive', '2023-06-15', 'Tillman and Sons', 'Avobenzone, Homosalate, Octinoxate, Octisalate, Octocrylene, Oxybenzone', 70, 1),
(21, 'Prescription', 24, 32, 49, '2023-07-25', 'Mylan', 7, 'Inactive', '2023-03-10', 'Jacobson, Weissnat and Schmitt', 'Prazosin Hydrochloride', 39, 1),
(22, 'Prescription', 17, 5, 40, '2023-05-08', 'Biogen', 17, 'Active', '2023-03-27', 'Nienow, Kiehn and Stanton', 'Ethyl Alcohol', 22, 0),
(23, 'Prescription', 15, 59, 43, '2023-05-18', 'Celgene', 41, 'Inactive', '2023-05-04', 'Blanda, Brown and McGlynn', 'Benzalkonium Chloride, Lidocaine, Bacitracin Zinc, Neomycin Sulfate, Polymyxin B Sulfate, Water, Isopropyl Alcohol, Benzocaine, Aspirin, Ethyl Alcohol', 86, 1),
(24, 'Prescription', 14, 47, 56, '2023-03-14', 'Novo Nordisk', 60, 'Active', '2023-03-29', 'Cremin, Williamson and Schoen', 'Divalproex Sodium', 48, 0),
(25, 'Prescription', 18, 32, 41, '2023-09-14', 'GlaxoSmithKline', 10, 'Active', '2023-01-16', 'Kuhn, Crooks and Abbott', 'Digoxin', 2, 0),
(26, 'Prescription', 19, 13, 39, '2023-01-13', 'Merck', 29, 'Inactive', '2023-09-02', 'Ruecker Inc', 'Nitrous Oxide', 36, 1),
(27, 'Prescription', 15, 38, 58, '2023-09-09', 'Pfizer', 2, 'Active', '2023-08-07', 'Roob Group', 'Octinoxate, Oxybenzone', 13, 0),
(28, 'Prescription', 4, 30, 29, '2023-11-18', 'AstraZeneca', 58, 'Active', '2023-11-15', 'Bednar, Miller and Stokes', 'Titanium Dioxide', 78, 0),
(29, 'Pain Management', 21, 5, 42, '2023-08-17', 'Generic Pharmaceuticals', 38, 'Active', '2023-03-26', 'West-Krajcik', 'HYDROCODONE BITARTRATE', 70, 0),
(30, 'Cardiac Care', 43, 57, 51, '2023-02-17', 'HeartCare Pharma', 42, 'Active', '2023-04-18', 'Becker Group', 'adenosine', 86, 1);
insert into Prescriptions (scriptid, type, visitid, testid, patientid, resultdate, company, doctorid, status, dateprescribed, pharmacy, medication, duration, inactive) 
values 
(31, 'Prescription', 25, 52, 5, '2023-09-26', 'Generic Pharma', 37, 'Active', '2023-06-19', 'Dibbert, Strosin and Swift', 'memantine hydrochloride', 7, 1),
(32, 'Refill', 10, 8, 9, '2023-07-19', 'Local Pharmacy', 58, 'Completed', '2022-12-24', 'Erdman-Heidenreich', 'Alcohol', 89, 0),
(33, 'New Prescription', 43, 2, 50, '2023-03-26', 'Major Pharma', 6, 'Active', '2023-02-23', 'Kunze-Marks', 'Gemcitabine hydrochloride', 52, 1),
(34, 'Renewal', 32, 40, 4, '2023-10-09', 'HealthCare Inc.', 22, 'Active', '2023-06-25', 'Goyette-Bednar', 'DEXTROMETHORPHAN HYDROBROMIDE, CHLORPHENIRAMINE MALEATE, and PHENYLEPHRINE HYDROCHLORIDE', 89, 0),
(35, 'Prescription', 53, 12, 30, '2023-03-18', 'Global Meds', 30, 'Inactive', '2023-08-21', 'Erdman LLC', 'Octinoxate and Titanium Dioxide', 37, 1),
(36, 'Refill', 54, 37, 5, '2023-04-09', 'City Pharma', 23, 'Active', '2022-12-07', 'Ritchie, Rippin and Renner', 'BENZALKONIUM CHLORIDE, LIDOCAINE, BACITRACIN ZINC, NEOMYCIN SULFATE, POLYMYXIN B SULFATE', 47, 0),
(37, 'New Prescription', 7, 26, 16, '2023-07-27', 'Local Pharma', 12, 'Active', '2023-07-07', 'Batz-Sauer', 'Naproxen Sodium', 68, 0),
(38, 'Renewal', 24, 6, 56, '2023-03-07', 'National Meds', 48, 'Active', '2023-11-08', 'Kozey, Brakus and Rutherford', 'hydroxyzine pamoate', 28, 0),
(39, 'Prescription', 9, 9, 51, '2023-04-30', 'HealthCare Plus', 27, 'Active', '2023-04-19', 'Schneider, Bergnaum and Hettinger', 'Avobenzone, Homosalate, Octisalate, Octocrylene, and Oxybenzone', 48, 0),
(40, 'Refill', 5, 30, 25, '2023-11-05', 'Global Pharma', 60, 'Active', '2023-10-28', 'Jakubowski-Sanford', 'Tolnaftate', 20, 0),
(41, 'New Prescription', 43, 40, 23, '2023-06-26', 'MediCare Inc.', 19, 'Inactive', '2023-04-22', 'Oberbrunner, Barton and Hilpert', 'Echinacea, Phytolacca Decandra, Collinsonia Canadensis, Kali Iodatum, Pinus Sylvestris, Pix Liquida, Ferrum Phosphoricum', 34, 1),
(42, 'Renewal', 22, 51, 28, '2023-10-05', 'Regional Pharma', 18, 'Active', '2023-08-04', 'Okuneva Inc', 'Levothyroxine Sodium', 84, 0),
(43, 'Prescription', 13, 47, 56, '2023-09-22', 'Health Solutions', 32, 'Inactive', '2023-03-16', 'Sporer, Cormier and White', 'Tragacanth Gum', 80, 1),
(44, 'Refill', 9, 50, 39, '2023-03-01', 'CityCare Pharma', 7, 'Inactive', '2023-11-11', 'Pouros Group', 'Lamotrigine', 36, 1),
(45, 'New Prescription', 8, 52, 9, '2023-08-17', 'Wellness Pharma', 44, 'Inactive', '2023-05-19', 'Jerde, Emmerich and Mraz', 'Erythromycin Ethylsuccinate', 62, 1),
(46, 'Renewal', 25, 40, 16, '2023-10-17', 'QuickMed', 36, 'Inactive', '2023-05-26', 'Schneider-Sawayn', 'Acetaminophen', 24, 1),
(47, 'Prescription', 16, 60, 19, '2023-07-31', 'MediGlobal', 39, 'Active', '2023-02-05', 'DuBuque-Hermiston', 'Sugar Beet Pollen', 42, 0),
(48, 'Refill', 44, 60, 40, '2023-05-04', 'HealthLine Pharma', 55, 'Active', '2023-03-17', 'McGlynn-Rowe', 'hydralazine hydrochloride', 51, 0),
(49, 'New Prescription', 50, 8, 33, '2023-03-03', 'CarePlus', 2, 'Inactive', '2023-07-05', 'Ryan and Sons', 'ziprasidone hydrochloride', 44, 1),
(50, 'Renewal', 21, 34, 29, '2023-11-08', 'MediCare Plus', 52, 'Active', '2023-07-26', 'Reichel Inc', 'Ibuprofen', 46, 0),
(51, 'Prescription', 53, 30, 37, '2023-10-04', 'HealthCare Global', 28, 'Inactive', '2023-07-17', 'Christiansen, Marks and Kirlin', 'TRICLOSAN', 41, 0),
(52, 'Refill', 43, 26, 54, '2022-12-12', 'MediGlobal', 59, 'Active', '2023-06-02', 'Pacocha Inc', 'Carbamide Peroxide', 10, 0),
(53, 'New Prescription', 57, 52, 50, '2023-06-27', 'MediLocal', 27, 'Inactive', '2023-09-20', 'Buckridge Group', 'Levocarnitine', 35, 1),
(54, 'Renewal', 42, 57, 4, '2023-09-14', 'MediPharma', 46, 'Active', '2023-05-22', 'Ledner-McLaughlin', 'Minoxidil', 52, 1),
(55, 'Prescription', 51, 11, 54, '2023-03-06', 'HealthCare Inc.', 6, 'Inactive', '2023-02-03', 'Stamm LLC', 'STEMPHYLIUM SOLANI', 32, 1),
(56, 'Refill', 24, 49, 23, '2023-10-01', 'CityMed', 27, 'Active', '2022-12-29', 'Schuppe Inc', 'Acetaminophen, Aspirin, Caffeine', 14, 0),
(57, 'New Prescription', 32, 22, 39, '2023-01-18', 'Major Pharma', 44, 'Inactive', '2023-08-04', 'Murazik-Herman', 'Aspirin', 5, 0),
(58, 'Renewal', 31, 36, 47, '2023-02-11', 'Local Meds', 19, 'Active', '2023-06-26', 'Hartmann-Kirlin', 'cucumber', 29, 0),
(59, 'Renewal', 9, 4, 18, '2023-03-24', 'Generic Pharma Inc', 15, 'Pending', '2023-11-22', 'Romaguera-Nicolas', 'norethindrone acetate and ethinyl estradiol, ethinyl estradiol and ferrous fumarate', 64, 0),
(60, 'New Prescription', 24, 57, 6, '2023-05-21', 'Sunscreen Manufacturers Ltd', 3, 'Filled', '2022-12-12', 'Cummerata Group', 'OCTINOXATE, TITANIUM DIOXIDE, OXYBENZONE', 1, 1);



-- Health Records
insert into HealthRecords (healthrecordid, familyhistory, allergies, vaxhistory, patientid, doctorid, repid, coachid, scriptid, complete) values (1, 'Leukemia in grandfather', 'Milk', 'Rubella', 1, 1, 1, 1, 30, 1);
insert into HealthRecords (healthrecordid, familyhistory, allergies, vaxhistory, patientid, doctorid, repid, coachid, scriptid, complete) values (2, 'Colon cancer in aunt', 'Eggs', 'Meningococcal', 1, 1, 1, 1, 53, 0);
insert into HealthRecords (healthrecordid, familyhistory, allergies, vaxhistory, patientid, doctorid, repid, coachid, scriptid, complete) values (3, 'Ovarian cancer in cousin', 'Eggs', 'MMR (Measles)', 6, 8, 6, 1, 25, 0);
insert into HealthRecords (healthrecordid, familyhistory, allergies, vaxhistory, patientid, doctorid, repid, coachid, scriptid, complete) values (4, 'Stroke in grandfather', 'Shellfish', 'COVID-19', 31, 10, 29, 4, 7, 0);
insert into HealthRecords (healthrecordid, familyhistory, allergies, vaxhistory, patientid, doctorid, repid, coachid, scriptid, complete) values (5, 'Heart disease in grandparents', 'Shellfish', 'Polio', 16, 4, 43, 29, 21, 0);
insert into HealthRecords (healthrecordid, familyhistory, allergies, vaxhistory, patientid, doctorid, repid, coachid, scriptid, complete) values (6, 'Prostate cancer in father', 'Mold', 'Mumps', 17, 37, 19, 22, 57, 0);
insert into HealthRecords (healthrecordid, familyhistory, allergies, vaxhistory, patientid, doctorid, repid, coachid, scriptid, complete) values (7, 'Stroke in grandfather', 'Mold', 'Tetanus', 31, 60, 36, 39, 18, 0);
insert into HealthRecords (healthrecordid, familyhistory, allergies, vaxhistory, patientid, doctorid, repid, coachid, scriptid, complete) values (8, 'Colon cancer in aunt', 'Insect stings', 'Hib (Haemophilus influenzae type b)', 40, 27, 4, 35, 42, 0);
insert into HealthRecords (healthrecordid, familyhistory, allergies, vaxhistory, patientid, doctorid, repid, coachid, scriptid, complete) values (9, 'Leukemia in brother', 'Mold', 'DTaP (Diphtheria', 15, 10, 18, 47, 16, 0);
insert into HealthRecords (healthrecordid, familyhistory, allergies, vaxhistory, patientid, doctorid, repid, coachid, scriptid, complete) values (10, 'Hypertension in siblings', 'Tree nuts', 'Meningococcal', 34, 47, 38, 29, 37, 0);
insert into HealthRecords (healthrecordid, familyhistory, allergies, vaxhistory, patientid, doctorid, repid, coachid, scriptid, complete) values (11, 'Hypertension in siblings', 'Sesame seeds', 'Mumps', 42, 55, 51, 55, 43, 0);
insert into HealthRecords (healthrecordid, familyhistory, allergies, vaxhistory, patientid, doctorid, repid, coachid, scriptid, complete) values (12, 'Stroke in grandfather', 'Fish', 'Hepatitis B', 24, 33, 54, 50, 7, 0);
insert into HealthRecords (healthrecordid, familyhistory, allergies, vaxhistory, patientid, doctorid, repid, coachid, scriptid, complete) values (13, 'Colon cancer in aunt', 'Wheat', 'Hib (Haemophilus influenzae type b)', 54, 8, 16, 7, 16, 0);
insert into HealthRecords (healthrecordid, familyhistory, allergies, vaxhistory, patientid, doctorid, repid, coachid, scriptid, complete) values (14, 'Asthma in mother', 'Tree nuts', 'Rotavirus', 27, 38, 19, 25, 9, 0);
insert into HealthRecords (healthrecordid, familyhistory, allergies, vaxhistory, patientid, doctorid, repid, coachid, scriptid, complete) values (15, 'Multiple sclerosis in cousin', 'Peanuts', 'Rubella)', 3, 12, 31, 56, 54, 0);
insert into HealthRecords (healthrecordid, familyhistory, allergies, vaxhistory, patientid, doctorid, repid, coachid, scriptid, complete) values (16, 'Breast cancer in mother', 'Sesame seeds', 'Mumps', 20, 5, 44, 57, 1, 0);
insert into HealthRecords (healthrecordid, familyhistory, allergies, vaxhistory, patientid, doctorid, repid, coachid, scriptid, complete) values (17, 'Lung cancer in uncle', 'Penicillin', 'COVID-19', 9, 6, 46, 5, 33, 0);
insert into HealthRecords (healthrecordid, familyhistory, allergies, vaxhistory, patientid, doctorid, repid, coachid, scriptid, complete) values (18, 'Colon cancer in aunt', 'Peanuts', 'Mumps', 15, 16, 43, 22, 55, 0);
insert into HealthRecords (healthrecordid, familyhistory, allergies, vaxhistory, patientid, doctorid, repid, coachid, scriptid, complete) values (19, 'Ovarian cancer in cousin', 'Insect stings', 'Mumps', 42, 57, 11, 40, 36, 0);
insert into HealthRecords (healthrecordid, familyhistory, allergies, vaxhistory, patientid, doctorid, repid, coachid, scriptid, complete) values (20, 'Multiple sclerosis in cousin', 'Mold', 'Meningococcal', 44, 45, 55, 41, 37, 0);
insert into HealthRecords (healthrecordid, familyhistory, allergies, vaxhistory, patientid, doctorid, repid, coachid, scriptid, complete) values (21, 'Prostate cancer in father', 'Insect stings', 'Rubella)', 55, 48, 20, 30, 7, 0);
insert into HealthRecords (healthrecordid, familyhistory, allergies, vaxhistory, patientid, doctorid, repid, coachid, scriptid, complete) values (22, 'Diabetes in father', 'Milk', 'MMR (Measles', 28, 55, 33, 23, 16, 0);
insert into HealthRecords (healthrecordid, familyhistory, allergies, vaxhistory, patientid, doctorid, repid, coachid, scriptid, complete) values (23, 'Heart disease in grandparents', 'Mold', 'Rotavirus', 3, 60, 57, 42, 9, 0);
insert into HealthRecords (healthrecordid, familyhistory, allergies, vaxhistory, patientid, doctorid, repid, coachid, scriptid, complete) values (24, 'Lung cancer in uncle', 'Pet dander', 'Pneumococcal', 7, 15, 52, 17, 48, 0);
insert into HealthRecords (healthrecordid, familyhistory, allergies, vaxhistory, patientid, doctorid, repid, coachid, scriptid, complete) values (25, 'Leukemia in brother', 'Shellfish', 'Rubella)', 48, 18, 25, 57, 32, 0);
insert into HealthRecords (healthrecordid, familyhistory, allergies, vaxhistory, patientid, doctorid, repid, coachid, scriptid, complete) values (26, 'Stroke in grandfather', 'Sesame seeds', 'Flu shot', 17, 54, 17, 43, 3, 0);
insert into HealthRecords (healthrecordid, familyhistory, allergies, vaxhistory, patientid, doctorid, repid, coachid, scriptid, complete) values (27, 'Thyroid disorders in aunt', 'Soy', 'Pertussis)', 40, 15, 21, 60, 17, 0);
insert into HealthRecords (healthrecordid, familyhistory, allergies, vaxhistory, patientid, doctorid, repid, coachid, scriptid, complete) values (28, 'Multiple sclerosis in cousin', 'Fish', 'Flu shot', 48, 51, 21, 2, 50, 0);
insert into HealthRecords (healthrecordid, familyhistory, allergies, vaxhistory, patientid, doctorid, repid, coachid, scriptid, complete) values (29, 'Heart disease in grandparents', 'Peanuts', 'Shingles', 24, 54, 11, 34, 40, 0);
insert into HealthRecords (healthrecordid, familyhistory, allergies, vaxhistory, patientid, doctorid, repid, coachid, scriptid, complete) values (30, 'Leukemia in brother', 'Milk', 'DTaP (Diphtheria', 13, 25, 37, 23, 28, 0);
insert into HealthRecords (healthrecordid, familyhistory, allergies, vaxhistory, patientid, doctorid, repid, coachid, scriptid, complete) values (31, 'Thyroid disorders in aunt', 'Peanuts', 'Meningococcal', 24, 46, 34, 49, 9, 0);
insert into HealthRecords (healthrecordid, familyhistory, allergies, vaxhistory, patientid, doctorid, repid, coachid, scriptid, complete) values (32, 'Leukemia in brother', 'Sesame seeds', 'Pertussis)', 21, 50, 57, 38, 20, 0);
insert into HealthRecords (healthrecordid, familyhistory, allergies, vaxhistory, patientid, doctorid, repid, coachid, scriptid, complete) values (33, 'Lung cancer in uncle', 'Latex', 'Pneumococcal', 26, 31, 12, 51, 37, 0);
insert into HealthRecords (healthrecordid, familyhistory, allergies, vaxhistory, patientid, doctorid, repid, coachid, scriptid, complete) values (34, 'Prostate cancer in father', 'Eggs', 'Hepatitis B', 19, 21, 4, 44, 1, 0);
insert into HealthRecords (healthrecordid, familyhistory, allergies, vaxhistory, patientid, doctorid, repid, coachid, scriptid, complete) values (35, 'Diabetes in father', 'Eggs', 'MMR (Measles', 2, 27, 28, 17, 15, 0);
insert into HealthRecords (healthrecordid, familyhistory, allergies, vaxhistory, patientid, doctorid, repid, coachid, scriptid, complete) values (36, 'Stroke in grandfather', 'Sesame seeds', 'HPV (Human Papillomavirus)', 45, 7, 33, 19, 2, 0);
insert into HealthRecords (healthrecordid, familyhistory, allergies, vaxhistory, patientid, doctorid, repid, coachid, scriptid, complete) values (37, 'Lung cancer in uncle', 'Soy', 'COVID-19', 59, 35, 55, 15, 2, 0);
insert into HealthRecords (healthrecordid, familyhistory, allergies, vaxhistory, patientid, doctorid, repid, coachid, scriptid, complete) values (38, 'Colon cancer in aunt', 'Pollens', 'Polio', 15, 51, 50, 37, 29, 0);
insert into HealthRecords (healthrecordid, familyhistory, allergies, vaxhistory, patientid, doctorid, repid, coachid, scriptid, complete) values (39, 'Thyroid disorders in aunt', 'Fish', 'COVID-19', 50, 17, 53, 32, 5, 0);
insert into HealthRecords (healthrecordid, familyhistory, allergies, vaxhistory, patientid, doctorid, repid, coachid, scriptid, complete) values (40, 'Rheumatoid arthritis in grandmother', 'Insect stings', 'Rotavirus', 2, 56, 2, 20, 53, 0);
insert into HealthRecords (healthrecordid, familyhistory, allergies, vaxhistory, patientid, doctorid, repid, coachid, scriptid, complete) values (41, 'Hypertension in siblings', 'Soy', 'DTaP (Diphtheria', 37, 22, 32, 9, 41, 0);
insert into HealthRecords (healthrecordid, familyhistory, allergies, vaxhistory, patientid, doctorid, repid, coachid, scriptid, complete) values (42, 'Rheumatoid arthritis in grandmother', 'Mold', 'COVID-19', 14, 34, 34, 35, 45, 0);
insert into HealthRecords (healthrecordid, familyhistory, allergies, vaxhistory, patientid, doctorid, repid, coachid, scriptid, complete) values (43, 'Multiple sclerosis in cousin', 'Peanuts', 'HPV (Human Papillomavirus)', 50, 50, 52, 41, 12, 0);
insert into HealthRecords (healthrecordid, familyhistory, allergies, vaxhistory, patientid, doctorid, repid, coachid, scriptid, complete) values (44, 'Rheumatoid arthritis in grandmother', 'Penicillin', 'Hepatitis B', 8, 18, 59, 46, 7, 0);
insert into HealthRecords (healthrecordid, familyhistory, allergies, vaxhistory, patientid, doctorid, repid, coachid, scriptid, complete) values (45, 'Prostate cancer in father', 'Tree nuts', 'Hepatitis B', 16, 4, 1, 52, 8, 0);
insert into HealthRecords (healthrecordid, familyhistory, allergies, vaxhistory, patientid, doctorid, repid, coachid, scriptid, complete) values (46, 'Asthma in mother', 'Dust mites', 'COVID-19', 31, 40, 43, 44, 12, 0);
insert into HealthRecords (healthrecordid, familyhistory, allergies, vaxhistory, patientid, doctorid, repid, coachid, scriptid, complete) values (47, 'Multiple sclerosis in cousin', 'Pollens', 'Varicella (Chickenpox)', 23, 4, 31, 31, 29, 0);
insert into HealthRecords (healthrecordid, familyhistory, allergies, vaxhistory, patientid, doctorid, repid, coachid, scriptid, complete) values (48, 'Prostate cancer in father', 'Mold', 'MMR (Measles', 8, 42, 14, 8, 10, 0);
insert into HealthRecords (healthrecordid, familyhistory, allergies, vaxhistory, patientid, doctorid, repid, coachid, scriptid, complete) values (49, 'Ovarian cancer in cousin', 'Soy', 'DTaP (Diphtheria', 33, 59, 15, 30, 47, 0);
insert into HealthRecords (healthrecordid, familyhistory, allergies, vaxhistory, patientid, doctorid, repid, coachid, scriptid, complete) values (50, 'Alzheimer''s disease in uncle', 'Penicillin', 'Rubella)', 41, 14, 22, 39, 15, 0);
insert into HealthRecords (healthrecordid, familyhistory, allergies, vaxhistory, patientid, doctorid, repid, coachid, scriptid, complete) values (51, 'Rheumatoid arthritis in grandmother', 'Milk', 'COVID-19', 23, 17, 8, 41, 53, 0);
insert into HealthRecords (healthrecordid, familyhistory, allergies, vaxhistory, patientid, doctorid, repid, coachid, scriptid, complete) values (52, 'Multiple sclerosis in cousin', 'Mold', 'MMR (Measles', 45, 5, 1, 39, 20, 0);
insert into HealthRecords (healthrecordid, familyhistory, allergies, vaxhistory, patientid, doctorid, repid, coachid, scriptid, complete) values (53, 'Breast cancer in mother', 'Eggs', 'Pertussis)', 36, 55, 19, 58, 16, 0);
insert into HealthRecords (healthrecordid, familyhistory, allergies, vaxhistory, patientid, doctorid, repid, coachid, scriptid, complete) values (54, 'Ovarian cancer in cousin', 'Peanuts', 'Flu shot', 41, 48, 18, 5, 36, 0);
insert into HealthRecords (healthrecordid, familyhistory, allergies, vaxhistory, patientid, doctorid, repid, coachid, scriptid, complete) values (55, 'Rheumatoid arthritis in grandmother', 'Shellfish', 'Hepatitis B', 47, 35, 30, 60, 13, 0);
insert into HealthRecords (healthrecordid, familyhistory, allergies, vaxhistory, patientid, doctorid, repid, coachid, scriptid, complete) values (56, 'Diabetes in father', 'Dust mites', 'Pneumococcal', 16, 53, 12, 42, 22, 0);
insert into HealthRecords (healthrecordid, familyhistory, allergies, vaxhistory, patientid, doctorid, repid, coachid, scriptid, complete) values (57, 'Alzheimer''s disease in uncle', 'Fish', 'DTaP (Diphtheria', 59, 59, 8, 56, 43, 0);
insert into HealthRecords (healthrecordid, familyhistory, allergies, vaxhistory, patientid, doctorid, repid, coachid, scriptid, complete) values (58, 'Alzheimer''s disease in uncle', 'Peanuts', 'Tetanus', 6, 39, 32, 21, 11, 0);
insert into HealthRecords (healthrecordid, familyhistory, allergies, vaxhistory, patientid, doctorid, repid, coachid, scriptid, complete) values (59, 'Leukemia in brother', 'Soy', 'Rotavirus', 57, 5, 2, 11, 21, 0);
insert into HealthRecords (healthrecordid, familyhistory, allergies, vaxhistory, patientid, doctorid, repid, coachid, scriptid, complete) values (60, 'Asthma in mother', 'Peanuts', 'Polio', 56, 2, 20, 44, 42, 0);


-- Message
insert into Message (comid, datesent, subject, content, patientid, doctorid, coachid, repid, deleted) values 
(1, '2023-12-04', 'Reminder: Upcoming Appointment', 'Hi! Just a reminder about our appointment scheduled for next week.', 1, 1, NULL, NULL, 0),
(2, '2023-12-04', 'Setting Wellness Goals', 'I am eager to discuss setting realistic wellness goals during our next session.', 1, NULL, 1, NULL, 0),
(3, '2023-12-04', 'Billing Inquiry', 'Hello, I have some questions regarding my recent billing statement.', 1, NULL, NULL, 1, 1),
(4, '2023-12-04', 'Follow-up on Lab Results', 'Please let me know when my lab results are ready for review.', 5, 15, 35, 51, 0),
(5, '2023-12-04', 'Prescription Renewal Request', 'I would like to request a renewal of my current prescription.', 32, 49, 30, 36, 1),
(6, '2023-12-04', 'New Symptoms Update', 'I have been experiencing some new symptoms lately and would like to discuss them.', 4, 28, 28, 19, 1),
(7, '2023-12-04', 'Post-Appointment Feedback', 'I wanted to provide some feedback on my last appointment and discuss next steps.', 26, 25, 27, 5, 0),
(8, '2023-12-04', 'Query About Medication Side Effects', 'I have some concerns about the side effects of the medication I am currently taking.', 44, 20, 34, 60, 0),
(9, '2023-12-04', 'Exercise Plan Discussion', 'Can we discuss an exercise plan suitable for my current health condition?', 45, 6, 53, 46, 1),
(10, '2023-12-04', 'Dietary Advice Needed', 'I am looking for advice on making healthier dietary choices.', 22, 44, 27, 41, 0),
(11, '2023-12-04', 'Update on Health Progress', 'I wanted to update you on my health progress and get some advice.', 4, 30, 19, 10, 0),
(12, '2023-12-04', 'Request for Medical Records', 'Could you please provide me with a copy of my recent medical records?', 53, 44, 53, 15, 1),
(13, '2023-12-04', 'Concerns About Symptoms', 'I have been experiencing some troubling symptoms and would like to discuss them.', 10, 35, 31, 26, 0),
(14, '2023-12-04', 'General Health Query', 'I have a few general health questions and would appreciate your input.', 7, 6, 35, 20, 0),
(15, '2023-12-04', 'Feedback on Treatment Plan', 'I would like to provide feedback on my current treatment plan and discuss possible adjustments.', 15, 48, 40, 51, 1),
(16, '2023-12-04', 'Request for Wellness Tips', 'I am looking for some wellness tips to incorporate into my daily routine.', 12, 59, 56, 26, 0),
(17, '2023-12-04', 'Question About Test Results', 'Could you please explain my recent test results in more detail?', 10, 45, 43, 46, 0),
(18, '2023-12-04', 'Follow-up After Hospital Discharge', 'I need guidance on care and precautions after my recent hospital discharge.', 19, 4, 52, 30, 1),
(19, '2023-12-04', 'Inquiry About Prescription', 'I have questions about the new prescription I received during my last visit.', 39, 39, 27, 28, 0),
(20, '2023-12-04', 'Seeking Second Opinion', 'I am considering a second opinion regarding my diagnosis and would like to discuss it with you.', 48, 7, 16, 24, 1),
(21, '2023-12-04', 'Concern About Allergic Reaction', 'I experienced an allergic reaction and need guidance on how to proceed.', 16, 50, 37, 18, 0),
(22, '2023-12-04', 'Discussion About Health Improvement', 'I would like to discuss how I can further improve my health and well-being.', 58, 26, 6, 49, 0),
(23, '2023-12-04', 'Request for Fitness Recommendations', 'Can you provide some fitness recommendations tailored to my health condition?', 33, 58, 28, 22, 0),
(24, '2023-12-04', 'Advice on Managing Chronic Pain', 'I am looking for advice on managing my chronic pain more effectively.', 7, 30, 2, 51, 0),
(25, '2023-12-04', 'Insurance Coverage Query', 'I have questions about what my insurance covers in terms of treatments.', 53, 23, 10, 2, 1),
(26, '2023-12-04', 'Feedback on Recent Consultation', 'I want to provide feedback on our recent consultation and the advice given.', 6, 2, 52, 43, 1),
(27, '2023-12-04', 'Update on Medication Efficacy', 'I would like to update you on how effective the current medication has been for me.', 42, 20, 5, 21, 1),
(28, '2023-12-04', 'Seeking Clarification on Health Plan', 'I need some clarification regarding the health plan you suggested last time.', 6, 23, 41, 4, 0),
(29, '2023-12-04', 'Concerns About Recent Symptoms', 'I have been experiencing some new symptoms and am concerned about them.', 20, 40, 51, 51, 1),
(30, '2023-12-04', 'Discussion About Medication Adjustment', 'I think we need to discuss adjusting my medication based on recent changes in my health.', 20, 35, 58, 26, 0);
insert into Message (comid, datesent, subject, content, patientid, doctorid, coachid, repid, deleted) 
values 
(31, '2023-12-04', 'Upcoming Appointment Reminder', 'Reminder: Your next appointment is scheduled for [Date]. Please arrive 15 minutes early.', 18, 43, 26, 17, 0),
(32, '2023-12-04', 'Billing Inquiry Response', 'We have received your inquiry regarding the billing statement. Please contact us at [Phone Number] for further details.', 51, 43, 58, 59, 1),
(33, '2023-12-04', 'Wellness Check-in', 'How are you doing with your current health plan? Let us know if you have any concerns or questions.', 30, 38, 40, 12, 0),
(34, '2023-12-04', 'Nutrition Advice', 'A friendly reminder to maintain a balanced diet for better health. Include more fruits and veggies in your meals.', 7, 32, 11, 41, 0),
(35, '2023-12-04', 'Medication Reminder', 'Please remember to take your prescribed medications regularly. Contact us if you have any side effects or concerns.', 25, 33, 6, 6, 0),
(36, '2023-12-04', 'Health Update', 'We have an update regarding your recent tests. Please contact our office for more information.', 25, 48, 53, 58, 1),
(37, '2023-12-04', 'Stress Management Tips', 'Managing stress is crucial for your health. Try practicing mindfulness and relaxation techniques daily.', 22, 2, 1, 40, 0),
(38, '2023-12-04', 'Prescription Refill Reminder', 'Your prescription is due for a refill. Please confirm if you would like us to process it.', 21, 29, 37, 4, 0),
(39, '2023-12-04', 'Healthy Lifestyle Choices', 'Remember that regular exercise and a healthy diet are key to maintaining good health. Let us discuss your goals in our next meeting.', 57, 48, 52, 29, 1),
(40, '2023-12-04', 'Appointment Follow-Up', 'Thank you for your recent visit. Please let us know if you have any questions about the discussed treatment plan.', 45, 52, 16, 6, 0),
(41, '2023-12-04', 'Seasonal Allergies Alert', 'Allergy season is here. Remember to take preventive measures and keep your medication handy.', 38, 9, 40, 18, 1),
(42, '2023-12-04', 'Exercise Routine Suggestions', 'A regular exercise routine is vital for your health. Consider walking, swimming, or yoga for a start.', 42, 38, 44, 55, 1),
(43, '2023-12-04', 'Health Record Update', 'We have updated your health records. Please review them at your next convenience and let us know of any changes.', 30, 44, 45, 24, 1),
(44, '2023-12-04', 'Annual Health Checkup Reminder', 'It is time for your annual health checkup. Please schedule an appointment at your earliest convenience.', 30, 17, 21, 29, 0),
(45, '2023-12-04', 'Health Insurance Update', 'There have been updates to your health insurance plan. Contact us to learn more about what these changes mean for you.', 31, 36, 44, 30, 1),
(46, '2023-12-04', 'Sleep Hygiene Tips', 'Good sleep is essential for health. Try to maintain a regular sleep schedule and create a comfortable sleep environment.', 25, 26, 23, 8, 1),
(47, '2023-12-04', 'Important Vaccine Reminder', 'Do not forget your upcoming vaccine appointment. Vaccinations are crucial for preventing diseases.', 5, 6, 51, 37, 0),
(48, '2023-12-04', 'Dental Checkup Reminder', 'A friendly reminder to schedule your regular dental checkup to maintain oral health.', 49, 3, 25, 50, 1),
(49, '2023-12-04', 'Healthy Eating Tips', 'Eating a balanced diet is key to good health. Consider including whole grains, lean proteins, and plenty of vegetables.', 4, 3, 4, 43, 1),
(50, '2023-12-04', 'Fitness Goals Encouragement', 'Keep up the good work with your fitness goals. Remember, every step counts towards a healthier you.', 2, 39, 28, 23, 1),
(51, '2023-12-04', 'Managing Chronic Conditions', 'Managing chronic conditions effectively is key to improving your quality of life. Let us discuss your management plan.', 20, 13, 53, 31, 1),
(52, '2023-12-04', 'Reminder: Stay Hydrated', 'Staying hydrated is important for your health, especially in hot weather. Keep a water bottle handy.', 49, 43, 3, 8, 0),
(53, '2023-12-04', 'Skin Care in Summer', 'Protect your skin during summer. Use sunscreen and stay in the shade during peak sun hours.', 45, 15, 23, 41, 1),
(54, '2023-12-04', 'Mental Health Support', 'Your mental health is important. If you need support or someone to talk to, our team is here for you.', 26, 52, 2, 10, 0),
(55, '2023-12-04', 'Blood Pressure Monitoring', 'Regular monitoring of your blood pressure is important. Please report any significant changes to us.', 43, 60, 8, 20, 1),
(56, '2023-12-04', 'Eye Health Reminder', 'Do not forget to take breaks when working on screens to protect your eyes. Regular eye exams are also important.', 52, 54, 21, 36, 0),
(57, '2023-12-04', 'Pain Management Strategies', 'If you are experiencing chronic pain, there are many strategies that can help. Let us discuss options during your next visit.', 22, 50, 50, 37, 0),
(58, '2023-12-04', 'Healthy Aging Tips', 'Aging healthily involves staying active, eating well, and maintaining social connections. Let us talk about your health as you age.', 39, 56, 52, 41, 0),
(59, '2023-12-04', 'Preventive Health Measures', 'Preventive health measures are key to avoiding diseases. Let us ensure you are up to date with all necessary screenings.', 2, 55, 11, 48, 1),
(60, '2023-12-04', 'Childhood Immunization Schedule', 'Keeping up with your childs immunization schedule is crucial for their health. Please review their vaccination record.', 20, 2, 15, 3, 1);




-- Insurance Plan
insert into InsurancePlan (planID, terminationDate, copay, description, repID, inactive) values 
(1, '2028-08-08', 138.89, 'Comprehensive Health Coverage', 1, 0),
(2, '2027-04-05', 82.95, 'Basic Medical Plan', 1, 0),
(3, '2024-04-30', 94.45, 'Family Health Package', 1, 0),
(4, '2027-09-29', 148.19, 'Senior Health Care Plan', 32, 0),
(5, '2026-09-13', 142.33, 'Employee Wellness Program', 49, 0),
(6, '2023-08-15', 88.79, 'Emergency Care Coverage', 46, 0),
(7, '2025-07-17', 104.12, 'Outpatient Care Plan', 50, 0),
(8, '2025-03-10', 1.92, 'Dental and Vision Care', 44, 0),
(9, '2025-07-30', 62.06, 'Prescription Drug Plan', 55, 0),
(10, '2028-07-14', 24.96, 'Extended Health Benefits', 33, 0),
(11, '2028-03-07', 146.74, 'Critical Illness Coverage', 22, 0),
(12, '2024-01-28', 77.95, 'Maternity and Newborn Care', 60, 0),
(13, '2028-06-22', 22.45, 'Chronic Disease Management Plan', 17, 0),
(14, '2028-08-13', 1.35, 'Mental Health Support Plan', 47, 0),
(15, '2024-10-25', 25.74, 'Preventive Health Care', 53, 0),
(16, '2025-03-15', 121.27, 'Rehabilitation and Therapy Coverage', 10, 0),
(17, '2026-02-10', 140.49, 'Private Hospital Room Plan', 37, 0),
(18, '2027-09-19', 106.42, 'Accident and Injury Coverage', 40, 0),
(19, '2027-08-05', 112.24, 'Travel Health Insurance', 17, 0),
(20, '2028-08-06', 0.63, 'Health Savings Account Plan', 28, 0),
(21, '2028-08-05', 52.43, 'Pediatric Care Coverage', 20, 0),
(22, '2028-04-25', 29.98, 'Holistic Health Care', 14, 0),
(23, '2027-04-23', 55.07, 'Specialist Care Plan', 16, 0),
(24, '2023-01-08', 57.72, 'Inpatient Hospitalization Plan', 13, 0),
(25, '2023-09-09', 133.39, 'Extended Wellness Program', 38, 0),
(26, '2024-07-15', 58.34, 'Day Surgery Coverage', 53, 0),
(27, '2025-07-16', 131.65, 'Alternative Medicine Plan', 11, 0),
(28, '2024-12-13', 14.86, 'Vision and Dental Benefits', 2, 0),
(29, '2027-07-13', 5.9, 'Occupational Health Plan', 1, 0),
(30, '2023-03-29', 101.91, 'Youth Health and Wellness Plan', 27, 0),
(31, '2024-06-12', 113.61, 'Comprehensive Medical Coverage Plan', 43, 0),
(32, '2023-11-02', 7.84, 'Basic Health and Wellness Plan', 46, 0),
(33, '2028-10-11', 144.67, 'Premium Family Health Plan', 47, 0),
(34, '2023-03-08', 10.55, 'Emergency Care Coverage Plan', 37, 0),
(35, '2023-03-31', 10.22, 'Senior Citizen Special Care Plan', 49, 0),
(36, '2024-11-19', 4.44, 'Young Adult Health Coverage Plan', 50, 0),
(37, '2023-05-27', 110.99, 'Outpatient Services Coverage Plan', 47, 0),
(38, '2025-06-19', 91.32, 'Family Health Comprehensive Plan', 18, 0),
(39, '2027-03-29', 69.21, 'Individual Health and Wellness Plan', 51, 0),
(40, '2026-10-21', 61.28, 'General Medical Coverage Plan', 44, 0),
(41, '2028-07-04', 144.17, 'Full Coverage Premium Plan', 16, 0),
(42, '2024-01-12', 82.91, 'Dental and Vision Care Plan', 38, 0),
(43, '2026-05-27', 59.4, 'Pediatric and Adolescent Health Plan', 9, 0),
(44, '2024-09-21', 147.07, 'Advanced Medical and Surgical Care Plan', 31, 0),
(45, '2028-06-18', 58.94, 'Preventive Care and Check-up Plan', 9, 0),
(46, '2026-11-24', 148.61, 'Extensive Health Coverage Plan', 23, 0),
(47, '2025-04-05', 140.5, 'Maternity and Child Care Plan', 2, 0),
(48, '2027-10-06', 44.96, 'Emergency and Urgent Care Plan', 8, 0),
(49, '2028-06-03', 141.35, 'Specialist Consultation Coverage Plan', 46, 0),
(50, '2024-11-16', 18.87, 'Routine Health Maintenance Plan', 25, 0),
(51, '2026-12-08', 39.69, 'Mental Health and Counseling Plan', 27, 0),
(52, '2027-02-03', 147.31, 'Comprehensive Health Care Plan', 44, 0),
(53, '2023-08-06', 58.4, 'Accident and Injury Coverage Plan', 59, 0),
(54, '2023-06-03', 40.37, 'General Wellness and Prevention Plan', 50, 0),
(55, '2027-07-06', 126.61, 'Chronic Disease Management Plan', 39, 0),
(56, '2025-07-25', 21.91, 'Basic Prescription Drug Plan', 33, 0),
(57, '2025-06-03', 42.4, 'Standard Health Care Plan', 60, 0),
(58, '2027-12-25', 138.19, 'Premium Health and Wellness Plan', 31, 0),
(59, '2027-01-16', 10.49, 'Youth and Sports Health Plan', 40, 0),
(60, '2025-11-08', 111.34, 'Comprehensive Care Plus Plan', 17, 0);



-- Billing Records
insert into BillingRecord (billingrecordid, description, amount, patientid, planid, paid) values 
(1, 'Initial Consultation Fee', 186, 1, 1, 1),
(2, 'Routine Checkup Copay', 408, 20, 1, 1),
(3, 'Annual Subscription Fee', 277, 1, 1, 1),
(4, 'Laboratory Test Charges', 440, 50, 44, 1),
(5, 'Emergency Room Visit Fee', 140, 28, 3, 1),
(6, 'Specialist Consultation Fee', 600, 53, 36, 0),
(7, 'Physical Therapy Session Charge', 676, 44, 30, 0),
(8, 'Diagnostic Imaging Fee', 163, 6, 3, 0),
(9, 'Prescription Medication Cost', 391, 9, 6, 0),
(10, 'Dental Procedure Charge', 347, 40, 54, 0),
(11, 'Outpatient Surgery Fee', 132, 45, 13, 0),
(12, 'Inpatient Care Daily Rate', 416, 29, 40, 1),
(13, 'Extended Care Facility Fee', 853, 4, 6, 0),
(14, 'Vaccination Charge', 468, 34, 10, 0),
(15, 'Health Screening Cost', 834, 22, 23, 1),
(16, 'Mental Health Counseling Fee', 62, 19, 16, 0),
(17, 'Nutrition Consultation Charge', 929, 38, 6, 0),
(18, 'Occupational Therapy Fee', 719, 8, 58, 1),
(19, 'Home Care Service Fee', 658, 43, 53, 1),
(20, 'Orthopedic Equipment Charge', 305, 31, 46, 0),
(21, 'Allergy Testing Fee', 717, 38, 59, 0),
(22, 'Eye Examination Cost', 473, 15, 25, 1),
(23, 'Chiropractic Service Fee', 372, 40, 11, 1),
(24, 'Telemedicine Consultation Fee', 634, 35, 23, 0),
(25, 'Ambulance Transportation Charge', 965, 17, 37, 0),
(26, 'Rehabilitation Program Fee', 437, 51, 20, 1),
(27, 'Dermatology Treatment Charge', 666, 25, 4, 1),
(28, 'Acupuncture Therapy Fee', 142, 54, 40, 0),
(29, 'Urgent Care Visit Fee', 837, 45, 59, 0),
(30, 'Maternity Care Package Cost', 576, 26, 51, 0),
(31, 'Consultation Fee', 393, 34, 5, 1),
(32, 'Routine Check-up Charge', 295, 34, 59, 0),
(33, 'Lab Test Fee', 299, 51, 40, 1),
(34, 'Physical Therapy Session Charge', 194, 52, 46, 0),
(35, 'Specialist Consultation Fee', 793, 43, 32, 0),
(36, 'Emergency Room Visit Fee', 901, 20, 24, 1),
(37, 'X-Ray Imaging Charge', 235, 32, 12, 1),
(38, 'Prescription Medication Cost', 752, 52, 34, 1),
(39, 'Diagnostic Lab Test Fee', 811, 5, 43, 0),
(40, 'Annual Wellness Exam Fee', 168, 55, 28, 1),
(41, 'Vaccination Charge', 23, 48, 53, 0),
(42, 'Outpatient Procedure Fee', 821, 25, 50, 0),
(43, 'Radiology Test Fee', 167, 42, 21, 1),
(44, 'Orthopedic Consultation Charge', 971, 16, 6, 0),
(45, 'Medication Refill Charge', 761, 53, 18, 1),
(46, 'Cardiology Evaluation Fee', 497, 8, 34, 0),
(47, 'MRI Scan Cost', 564, 15, 24, 1),
(48, 'Ultrasound Service Charge', 191, 32, 5, 1),
(49, 'Surgical Procedure Fee', 931, 39, 12, 0),
(50, 'Intensive Care Unit Fee', 987, 4, 16, 0),
(51, 'Pediatric Service Charge', 808, 45, 50, 0),
(52, 'Emergency Treatment Cost', 837, 27, 30, 1),
(53, 'Dental Cleaning Service', 102, 6, 19, 1),
(54, 'Surgical Operation Cost', 894, 32, 16, 1),
(55, 'Eye Examination Fee', 876, 19, 3, 1),
(56, 'Dermatology Consultation Charge', 26, 3, 18, 1),
(57, 'Neurology Specialist Fee', 380, 14, 58, 0),
(58, 'Chiropractic Adjustment Fee', 593, 59, 12, 0),
(59, 'Physiotherapy Session Charge', 118, 50, 59, 0),
(60, 'Intensive Therapy Unit Cost', 851, 44, 55, 0);


-- Wellness Record
insert into WellnessRecord (wellnessRecordID, goal, description, patientID, complete) values 
(1, 'Establish a consistent sleep schedule', 'Creating a bedtime routine to ensure 8 hours of restful sleep.', 1, 0),
(2, 'Maintain a healthy weight', 'Regular tracking of weight and adjusting diet and exercise.', 1, 0),
(3, 'Eat more fruits and veggies', 'Incorporating a variety of fruits and vegetables in daily meals.', 1, 0),
(4, 'Spend time outdoors', 'Planning daily activities outside to improve mental health and physical well-being.', 1, 0),
(5, 'Cultivate positive relationships', 'Engaging in community activities and nurturing family and friendships.', 37, 0),
(6, 'Establish a consistent sleep schedule', 'Setting a regular sleep time and creating a calm sleeping environment.', 12, 0),
(7, 'Spend time outdoors', 'Engaging in outdoor hobbies like hiking or gardening for relaxation.', 25, 0),
(8, 'Limit alcohol to moderate levels', 'Setting limits on alcohol consumption and exploring healthier alternatives.', 10, 0),
(9, 'Quit smoking or cut tobacco use', 'Joining a cessation program and using nicotine replacement therapies.', 3, 0),
(10, 'Practice 10 min of daily mindfulness', 'Allocating time for meditation or yoga to enhance mental clarity.', 42, 0),
(11, 'Cultivate positive relationships', 'Improving communication skills and attending social gatherings.', 10, 0),
(12, 'Limit alcohol to moderate levels', 'Identifying triggers and strategies for reducing alcohol intake.', 38, 0),
(13, 'Reduce added sugar in snacks', 'Opting for natural sweeteners and fruit-based snacks.', 20, 0),
(14, 'Spend time outdoors', 'Regularly planning activities in natural settings to boost mood.', 30, 0),
(15, 'Eat more fruits and veggies', 'Exploring new recipes that incorporate diverse fruits and vegetables.', 4, 0),
(16, 'Practice 10 min of daily mindfulness', 'Setting aside time for guided meditation or peaceful contemplation.', 13, 0),
(17, 'Limit alcohol to moderate levels', 'Seeking support to moderate alcohol intake and adopting a balanced lifestyle.', 22, 0),
(18, 'Quit smoking or cut tobacco use', 'Adopting a step-by-step plan to reduce and eventually quit tobacco.', 59, 0),
(19, 'Maintain a healthy weight', 'Developing a balanced diet plan and regular exercise regimen.', 22, 0),
(20, 'Increase water intake daily', 'Setting reminders to drink water at regular intervals throughout the day.', 23, 0),
(21, 'Aim for 7-8 hrs of quality sleep', 'Improving sleep environment and avoiding screens before bedtime.', 57, 0),
(22, 'Establish a consistent sleep schedule', 'Developing a relaxing pre-sleep routine and adhering to a fixed wake-up time.', 37, 0),
(23, 'Establish a consistent sleep schedule', 'Avoiding caffeine in the evening and creating a comfortable sleep space.', 23, 0),
(24, 'Increase water intake daily', 'Carrying a water bottle and replacing sugary drinks with water.', 28, 0),
(25, 'Quit smoking or cut tobacco use', 'Using support groups and tracking progress to gradually reduce smoking.', 60, 0),
(26, 'Maintain a healthy weight', 'Regular exercise and mindful eating habits to maintain a healthy BMI.', 39, 0),
(27, 'Reduce added sugar in snacks', 'Choosing snacks with natural sugars and avoiding processed snacks.', 57, 0),
(28, 'Limit alcohol to moderate levels', 'Practicing mindful drinking and seeking alternatives to alcoholic beverages.', 54, 0),
(29, 'Cultivate positive relationships', 'Investing time in building strong and supportive relationships.', 35, 0),
(30, 'Maintain a healthy weight', 'Following a balanced diet and keeping track of calorie intake.', 43, 0),
(31, 'Practice 10 min of daily mindfulness', 'Dedicate time daily for mindfulness exercises to improve mental clarity and reduce stress.', 53, 0),
(32, 'Quit smoking or cut tobacco use', 'Work on strategies to reduce and eventually quit smoking for improved lung health and overall well-being.', 58, 0),
(33, 'Improve flexibility with stretches', 'Incorporate daily stretching routines to enhance flexibility and reduce muscle tension.', 22, 0),
(34, 'Quit smoking or cut tobacco use', 'Seek support and use cessation aids to gradually cut down on tobacco usage.', 11, 0),
(35, 'Quit smoking or cut tobacco use', 'Engage in smoking cessation programs and track progress towards a smoke-free life.', 25, 0),
(36, 'Improve flexibility with stretches', 'Begin a regimen of stretching exercises focusing on major muscle groups for flexibility.', 22, 0),
(37, 'Reduce added sugar in snacks', 'Identify and substitute high sugar snacks with healthier options to manage sugar intake.', 16, 0),
(38, 'Practice 10 min of daily mindfulness', 'Allocate time each day for guided mindfulness and meditation exercises.', 42, 0),
(39, 'Prioritize stress management', 'Engage in activities and routines that effectively reduce stress levels.', 17, 0),
(40, 'Prioritize stress management', 'Incorporate relaxation and stress management techniques into daily routine.', 6, 0),
(41, 'Eat more fruits and veggies', 'Incorporate a variety of fruits and vegetables into daily meals for balanced nutrition.', 33, 0),
(42, 'Limit screen time', 'Set daily limits on screen time to reduce digital strain and increase physical activity.', 9, 0),
(43, 'Limit screen time', 'Create a schedule to reduce screen exposure, especially during evening hours.', 58, 0),
(44, 'Achieve 150 min of weekly exercise', 'Plan and execute a weekly exercise routine totaling at least 150 minutes.', 1, 0),
(45, 'be outdoors', 'Schedule regular outdoor activities to enjoy fresh air and natural surroundings.', 46, 0),
(46, 'Practice 10 min of daily mindfulness', 'Set aside time each day for short mindfulness sessions to improve focus.', 40, 0),
(47, 'Improve flexibility with stretches', 'Incorporate a series of daily stretching exercises to improve overall body flexibility.', 56, 0),
(48, 'Quit smoking or cut tobacco use', 'Utilize resources and support systems to progressively reduce tobacco usage.', 22, 0),
(49, 'Establish a consistent sleep schedule', 'Create and follow a regular sleep schedule to ensure 7-8 hours of restful sleep nightly.', 56, 0),
(50, 'Practice 10 min of daily mindfulness', 'Engage in daily mindfulness practices to enhance mental well-being and reduce stress.', 46, 0),
(51, 'Eat more fruits and veggies', 'Focus on including a variety of fruits and vegetables in every meal for better health.', 2, 0),
(52, 'Improve flexibility with stretches', 'Engage in daily stretching routines to enhance flexibility and prevent injuries.', 36, 0),
(53, 'Maintain a healthy weight', 'Follow a balanced diet and regular exercise regimen to maintain a healthy body weight.', 54, 0),
(54, 'Quit smoking or cut tobacco use', 'Commit to a smoking cessation plan with goals to gradually reduce and quit smoking.', 15, 0),
(55, 'Limit alcohol to moderate levels', 'Monitor and reduce alcohol intake to recommended moderate levels for overall health.', 42, 0),
(56, 'Aim for 7-8 hrs of quality sleep', 'Establish a consistent bedtime routine to ensure 7-8 hours of uninterrupted sleep.', 33, 0),
(57, 'Establish a consistent sleep schedule', 'Develop a regular sleeping pattern to improve sleep quality and energy levels.', 4, 0),
(58, 'Eat more fruits and veggies', 'Increase daily intake of fruits and vegetables for essential nutrients and fiber.', 36, 0),
(59, 'Limit alcohol to moderate levels', 'Implement strategies to moderate alcohol consumption for better health outcomes.', 49, 0),
(60, 'Establish a consistent sleep schedule', 'Ensure a consistent sleep-wake cycle to aid in better rest and recovery.', 29, 0);


-- Allergy Record
insert into AllergyRecord (healthrecordid, allergies) values 
(1, 'Peanuts, Tree Nuts, Shellfish'),
(2, 'Dust Mites, Mold, Pet Dander'),
(3, 'Pollen, Grass, Weed Allergies'),
(4, 'Latex, Insect Stings, Certain Medications'),
(5, 'Gluten, Wheat, Soy'),
(6, 'Dairy, Eggs, Fish'),
(7, 'Peanuts, Bee Stings, Latex'),
(8, 'Mold, Animal Dander, Dust'),
(9, 'Tree Nuts, Shellfish, Pollen'),
(10, 'Soy, Wheat, Dairy Products'),
(11, 'Pollen, Grass, Insect Bites'),
(12, 'Latex, Medications, Certain Foods'),
(13, 'Shellfish, Fish, Peanuts'),
(14, 'Tree Nuts, Bee Stings, Latex'),
(15, 'Dust Mites, Animal Dander, Mold'),
(16, 'Pollen, Weed Allergies, Grass'),
(17, 'Insect Stings, Certain Medications, Latex'),
(18, 'Dairy, Eggs, Gluten'),
(19, 'Soy, Wheat, Tree Nuts'),
(20, 'Shellfish, Pollen, Dust Mites'),
(21, 'Pet Dander, Mold, Bee Stings'),
(22, 'Peanuts, Certain Medications, Latex'),
(23, 'Grass, Pollen, Dust Mites'),
(24, 'Animal Dander, Mold, Insect Bites'),
(25, 'Tree Nuts, Shellfish, Wheat'),
(26, 'Dairy, Eggs, Soy'),
(27, 'Peanuts, Bee Stings, Pollen'),
(28, 'Mold, Dust Mites, Animal Dander'),
(29, 'Shellfish, Fish, Tree Nuts'),
(30, 'Wheat, Soy, Dairy Products');
insert into AllergyRecord (healthrecordid, allergies) values 
(31, 'Peanuts, Tree Nuts, Wheat'),
(32, 'Latex, Animal Dander, Pollen'),
(33, 'Shellfish, Insect Stings, Medication Allergies'),
(34, 'Mold, Dust Mites, Pet Dander'),
(35, 'Soy, Eggs, Dairy'),
(36, 'Fish, Bee Stings, Latex'),
(37, 'Dust Mites, Pollen, Grass Allergies'),
(38, 'Medications, Food Additives, Certain Fruits'),
(39, 'Tree Nuts, Pollen, Shellfish'),
(40, 'Wheat, Soy, Latex'),
(41, 'Pollen, Insect Bites, Grass Allergies'),
(42, 'Latex, Medications, Bee Stings'),
(43, 'Dairy, Eggs, Peanuts'),
(44, 'Tree Nuts, Insect Stings, Medications'),
(45, 'Dust, Mold, Animal Dander'),
(46, 'Pollen, Grass, Dust Mites'),
(47, 'Latex, Insect Bites, Food Dyes'),
(48, 'Shellfish, Fish, Tree Nuts'),
(49, 'Wheat, Dairy, Eggs'),
(50, 'Soy, Pollen, Latex'),
(51, 'Mold, Dust Mites, Pet Dander'),
(52, 'Peanuts, Medications, Bee Stings'),
(53, 'Tree Nuts, Shellfish, Pollen'),
(54, 'Soy, Wheat, Dairy'),
(55, 'Pollen, Grass, Insect Bites'),
(56, 'Latex, Medications, Certain Foods'),
(57, 'Shellfish, Peanuts, Tree Nuts'),
(58, 'Bee Stings, Latex, Tree Nuts'),
(59, 'Dust Mites, Animal Dander, Mold'),
(60, 'Pollen, Weed Allergies, Grass');


-- Vax History Record
insert into vaxHistoryRecord (healthrecordid, vaxhistory) values (20, 'Tetanus');
insert into vaxHistoryRecord (healthrecordid, vaxhistory) values (9, 'Hib (Haemophilus influenzae type b)');
insert into vaxHistoryRecord (healthrecordid, vaxhistory) values (16, 'Rubella)');
insert into vaxHistoryRecord (healthrecordid, vaxhistory) values (8, 'Polio');
insert into vaxHistoryRecord (healthrecordid, vaxhistory) values (35, 'Rubella)');
insert into vaxHistoryRecord (healthrecordid, vaxhistory) values (38, 'Tetanus');
insert into vaxHistoryRecord (healthrecordid, vaxhistory) values (41, 'Flu shot');
insert into vaxHistoryRecord (healthrecordid, vaxhistory) values (1, 'Tetanus');
insert into vaxHistoryRecord (healthrecordid, vaxhistory) values (2, 'Rubella)');
insert into vaxHistoryRecord (healthrecordid, vaxhistory) values (3, 'Varicella (Chickenpox)');
insert into vaxHistoryRecord (healthrecordid, vaxhistory) values (4, 'DTaP (Diphtheria');
insert into vaxHistoryRecord (healthrecordid, vaxhistory) values (5, 'Hepatitis B');
insert into vaxHistoryRecord (healthrecordid, vaxhistory) values (6, 'Meningococcal');
insert into vaxHistoryRecord (healthrecordid, vaxhistory) values (7, 'Mumps');
insert into vaxHistoryRecord (healthrecordid, vaxhistory) values (59, 'Varicella (Chickenpox)');
insert into vaxHistoryRecord (healthrecordid, vaxhistory) values (60, 'Varicella (Chickenpox)');
insert into vaxHistoryRecord (healthrecordid, vaxhistory) values (10, 'Pneumococcal');
insert into vaxHistoryRecord (healthrecordid, vaxhistory) values (11, 'Shingles');
insert into vaxHistoryRecord (healthrecordid, vaxhistory) values (12, 'Shingles');
insert into vaxHistoryRecord (healthrecordid, vaxhistory) values (13, 'Pertussis)');
insert into vaxHistoryRecord (healthrecordid, vaxhistory) values (14, 'Varicella (Chickenpox)');
insert into vaxHistoryRecord (healthrecordid, vaxhistory) values (15, 'Meningococcal');
insert into vaxHistoryRecord (healthrecordid, vaxhistory) values (17, 'MMR (Measles');
insert into vaxHistoryRecord (healthrecordid, vaxhistory) values (18, 'Rubella)');
insert into vaxHistoryRecord (healthrecordid, vaxhistory) values (19, 'Hepatitis B');
insert into vaxHistoryRecord (healthrecordid, vaxhistory) values (21, 'Hepatitis B');
insert into vaxHistoryRecord (healthrecordid, vaxhistory) values (22, 'Rotavirus');
insert into vaxHistoryRecord (healthrecordid, vaxhistory) values (23, 'Pertussis)');
insert into vaxHistoryRecord (healthrecordid, vaxhistory) values (24, 'Rotavirus');
insert into vaxHistoryRecord (healthrecordid, vaxhistory) values (25, 'Varicella (Chickenpox)');
insert into vaxHistoryRecord (healthrecordid, vaxhistory) values (26, 'DTaP (Diphtheria');
insert into vaxHistoryRecord (healthrecordid, vaxhistory) values (27, 'Shingles');
insert into vaxHistoryRecord (healthrecordid, vaxhistory) values (28, 'Varicella (Chickenpox)');
insert into vaxHistoryRecord (healthrecordid, vaxhistory) values (29, 'Hib (Haemophilus influenzae type b)');
insert into vaxHistoryRecord (healthrecordid, vaxhistory) values (30, 'HPV (Human Papillomavirus)');
insert into vaxHistoryRecord (healthrecordid, vaxhistory) values (31, 'Pertussis)');
insert into vaxHistoryRecord (healthrecordid, vaxhistory) values (32, 'Rotavirus');
insert into vaxHistoryRecord (healthrecordid, vaxhistory) values (33, 'Pertussis)');
insert into vaxHistoryRecord (healthrecordid, vaxhistory) values (34, 'Hib (Haemophilus influenzae type b)');
insert into vaxHistoryRecord (healthrecordid, vaxhistory) values (36, 'HPV (Human Papillomavirus)');
insert into vaxHistoryRecord (healthrecordid, vaxhistory) values (37, 'Hepatitis B');
insert into vaxHistoryRecord (healthrecordid, vaxhistory) values (39, 'COVID-19');
insert into vaxHistoryRecord (healthrecordid, vaxhistory) values (40, 'Varicella (Chickenpox)');
insert into vaxHistoryRecord (healthrecordid, vaxhistory) values (42, 'Shingles');
insert into vaxHistoryRecord (healthrecordid, vaxhistory) values (43, 'MMR (Measles');
insert into vaxHistoryRecord (healthrecordid, vaxhistory) values (44, 'Shingles');
insert into vaxHistoryRecord (healthrecordid, vaxhistory) values (45, 'Pneumococcal');
insert into vaxHistoryRecord (healthrecordid, vaxhistory) values (46, 'Shingles');
insert into vaxHistoryRecord (healthrecordid, vaxhistory) values (47, 'Rotavirus');
insert into vaxHistoryRecord (healthrecordid, vaxhistory) values (48, 'Flu shot');
insert into vaxHistoryRecord (healthrecordid, vaxhistory) values (49, 'Varicella (Chickenpox)');
insert into vaxHistoryRecord (healthrecordid, vaxhistory) values (50, 'Hepatitis B');
insert into vaxHistoryRecord (healthrecordid, vaxhistory) values (51, 'Hepatitis B');
insert into vaxHistoryRecord (healthrecordid, vaxhistory) values (52, 'DTaP (Diphtheria');
insert into vaxHistoryRecord (healthrecordid, vaxhistory) values (53, 'Flu shot');
insert into vaxHistoryRecord (healthrecordid, vaxhistory) values (54, 'MMR (Measles');
insert into vaxHistoryRecord (healthrecordid, vaxhistory) values (55, 'MMR (Measles');
insert into vaxHistoryRecord (healthrecordid, vaxhistory) values (56, 'Pertussis)');
insert into vaxHistoryRecord (healthrecordid, vaxhistory) values (57, 'Polio');
insert into vaxHistoryRecord (healthrecordid, vaxhistory) values (58, 'Hib (Haemophilus influenzae type b)');



-- Notifications
insert into Notifications (notificationid, content, status, timesent, patientid, visitid, testid, deleted) values
(1, 'Reminder: Upcoming Doctor Appointment on 2023-08-08', 'Unread', CURRENT_TIMESTAMP, 1, 6, 23, 0),
(2, 'Lab Test Results Ready for Review', 'Read', CURRENT_TIMESTAMP, 1, 59, 33, 0),
(3, 'Wellness Coaching Session Scheduled', 'Unread', CURRENT_TIMESTAMP, 1, 17, 54, 0),
(4, 'Insurance Plan Update Notification', 'Read', CURRENT_TIMESTAMP, 1, 50, 54, 1),
(5, 'Prescription Ready for Pickup at Pharmacy', 'Unread', CURRENT_TIMESTAMP, 40, 17, 10, 1),
(6, 'Bill Payment Confirmation for Recent Visit', 'Read', CURRENT_TIMESTAMP, 22, 4, 17, 1),
(7, 'New Wellness Goal Set in Your Profile', 'Unread', CURRENT_TIMESTAMP, 33, 36, 4, 0),
(8, 'Appointment Cancellation Notice', 'Unread', CURRENT_TIMESTAMP, 48, 50, 18, 1),
(9, 'Health Record Update Available', 'Read', CURRENT_TIMESTAMP, 46, 43, 52, 1),
(10, 'Upcoming Prescription Renewal Reminder', 'Unread', CURRENT_TIMESTAMP, 31, 3, 49, 0),
(11, 'Annual Check-Up Reminder', 'Unread', CURRENT_TIMESTAMP, 54, 46, 40, 0),
(12, 'Reminder: Vaccination Due', 'Read', CURRENT_TIMESTAMP, 54, 33, 59, 1),
(13, 'New Message from Your Doctor', 'Unread', CURRENT_TIMESTAMP, 18, 55, 6, 0),
(14, 'Insurance Claim Processed Notification', 'Unread', CURRENT_TIMESTAMP, 20, 59, 5, 0),
(15, 'Your Health Survey is Now Available', 'Read', CURRENT_TIMESTAMP, 13, 36, 32, 1),
(16, 'Dietary Recommendations Update', 'Read', CURRENT_TIMESTAMP, 57, 11, 52, 1),
(17, 'Reminder: Physical Therapy Session Today', 'Unread', CURRENT_TIMESTAMP, 9, 4, 9, 1),
(18, 'New Wellness Article Recommended for You', 'Unread', CURRENT_TIMESTAMP, 48, 36, 35, 0),
(19, 'Exercise Plan Update Available', 'Unread', CURRENT_TIMESTAMP, 53, 20, 33, 0),
(20, 'Dental Check-Up Reminder', 'Unread', CURRENT_TIMESTAMP, 3, 20, 14, 0),
(21, 'Payment Due Reminder for Recent Consultation', 'Read', CURRENT_TIMESTAMP, 31, 48, 18, 1),
(22, 'Health Insurance Coverage Update', 'Unread', CURRENT_TIMESTAMP, 54, 43, 46, 0),
(23, 'Telemedicine Appointment Confirmation', 'Unread', CURRENT_TIMESTAMP, 2, 25, 59, 0),
(24, 'Eye Exam Appointment Reminder', 'Read', CURRENT_TIMESTAMP, 24, 30, 17, 1),
(25, 'Update on Your Medication Allergy Profile', 'Unread', CURRENT_TIMESTAMP, 4, 22, 2, 0),
(26, 'Important Health Notification Regarding Recent Test', 'Unread', CURRENT_TIMESTAMP, 17, 9, 19, 0),
(27, 'Fitness Goal Achievement Congratulations', 'Unread', CURRENT_TIMESTAMP, 16, 11, 47, 0),
(28, 'Stress Management Workshop Invitation', 'Unread', CURRENT_TIMESTAMP, 21, 19, 8, 0),
(29, 'Billing Record Update for Your Account', 'Read', CURRENT_TIMESTAMP, 60, 14, 15, 1),
(30, 'Appointment Reminder: Wellness Coach Visit', 'Unread', CURRENT_TIMESTAMP, 17, 56, 16, 0),
(31, 'Update: Electronic Health Record Changes', 'Unread', CURRENT_TIMESTAMP, 33, 12, 52, 0),
(32, 'New Nutritional Plan Available in Your Profile', 'Unread', CURRENT_TIMESTAMP, 13, 24, 43, 0),
(33, 'Upcoming Mental Health Counseling Session Reminder', 'Unread', CURRENT_TIMESTAMP, 5, 51, 8, 1),
(34, 'Update: New Features in Your Health App', 'Unread', CURRENT_TIMESTAMP, 38, 32, 42, 0),
(35, 'Health Insurance Premium Due Reminder', 'Unread', CURRENT_TIMESTAMP, 24, 6, 52, 0),
(36, 'Reminder: Blood Pressure Check Next Week', 'Unread', CURRENT_TIMESTAMP, 60, 48, 35, 0),
(37, 'Your Recent Health Assessment Results', 'Read', CURRENT_TIMESTAMP, 50, 41, 50, 0),
(38, 'Notification: Health Record Access by New Doctor', 'Unread', CURRENT_TIMESTAMP, 47, 16, 14, 0),
(39, 'Upcoming Fitness Assessment Reminder', 'Read', CURRENT_TIMESTAMP, 54, 51, 18, 1),
(40, 'Dental Insurance Plan Update', 'Unread', CURRENT_TIMESTAMP, 21, 47, 37, 0),
(41, 'Wellness Challenge Participation Confirmation', 'Read', CURRENT_TIMESTAMP, 15, 16, 46, 1),
(42, 'New Health Article: Managing Diabetes', 'Unread', CURRENT_TIMESTAMP, 55, 43, 53, 1),
(43, 'Medication Dosage Update Notification', 'Read', CURRENT_TIMESTAMP, 2, 11, 9, 1),
(44, 'Upcoming Flu Vaccination Clinic Announcement', 'Unread', CURRENT_TIMESTAMP, 2, 3, 58, 0),
(45, 'Physiotherapy Appointment Rescheduled', 'Unread', CURRENT_TIMESTAMP, 25, 1, 54, 0),
(46, 'Alert: New Health Guidelines Published', 'Read', CURRENT_TIMESTAMP, 44, 15, 22, 1),
(47, 'Payment Receipt for Recent Medical Service', 'Read', CURRENT_TIMESTAMP, 50, 24, 58, 1),
(48, 'Allergy Test Result Consultation Reminder', 'Read', CURRENT_TIMESTAMP, 44, 11, 42, 1),
(49, 'Notification: Lab Test Appointment Confirmation', 'Read', CURRENT_TIMESTAMP, 32, 24, 60, 1),
(50, 'Health Insurance Policy Renewal Reminder', 'Unread', CURRENT_TIMESTAMP, 4, 28, 31, 1),
(51, 'New Message from Your Healthcare Provider', 'Read', CURRENT_TIMESTAMP, 18, 39, 8, 1),
(52, 'Appointment Confirmation: Dermatology Consultation', 'Unread', CURRENT_TIMESTAMP, 51, 24, 46, 1),
(53, 'Reminder: Upcoming Eye Exam', 'Unread', CURRENT_TIMESTAMP, 3, 29, 30, 0),
(54, 'Healthcare Provider Changed Notification', 'Read', CURRENT_TIMESTAMP, 47, 2, 41, 1),
(55, 'Wellness Program Enrollment Confirmation', 'Unread', CURRENT_TIMESTAMP, 30, 33, 17, 1),
(56, 'Lab Test Appointment Rescheduled', 'Read', CURRENT_TIMESTAMP, 9, 10, 24, 1),
(57, 'Billing Discrepancy Resolved Notification', 'Unread', CURRENT_TIMESTAMP, 35, 57, 30, 0),
(58, 'New Prescription Alert', 'Unread', CURRENT_TIMESTAMP, 1, 57, 43, 0),
(59, 'Health Insurance Claim Status Update', 'Read', CURRENT_TIMESTAMP, 54, 22, 50, 1),
(60, 'Emergency Contact Information Update Request', 'Unread', CURRENT_TIMESTAMP, 4, 50, 60, 0);
