-- Patient data
insert into Patient (patientID, firstName, lastName, birthDate, age) values (1, 'Orson', 'Brownsey', '2002-09-10', 20);
insert into Patient (patientID, firstName, lastName, birthDate, age) values (2, 'Alvin', 'Behnecken', '2000-01-23', 22);
insert into Patient (patientID, firstName, lastName, birthDate, age) values (3, 'Belia', 'Hawney', '2005-10-18', 17);
insert into Patient (patientID, firstName, lastName, birthDate, age) values (4, 'Stace', 'Chillistone', '2002-05-03', 20);
insert into Patient (patientID, firstName, lastName, birthDate, age) values (5, 'Trueman', 'Huxster', '1999-03-04', 23);
insert into Patient (patientID, firstName, lastName, birthDate, age) values (6, 'Normand', 'Novello', '1999-12-30', 22);
insert into Patient (patientID, firstName, lastName, birthDate, age) values (7, 'Law', 'Bladon', '2002-08-07', 20);
insert into Patient (patientID, firstName, lastName, birthDate, age) values (8, 'Callie', 'Tassel', '2000-07-15', 22);
insert into Patient (patientID, firstName, lastName, birthDate, age) values (9, 'Trumaine', 'Barnewille', '2000-09-08', 22);
insert into Patient (patientID, firstName, lastName, birthDate, age) values (10, 'Marji', 'Lyddiard', '2001-10-21', 21);
insert into Patient (patientID, firstName, lastName, birthDate, age) values (11, 'Corly', 'Creeber', '2004-06-05', 18);
insert into Patient (patientID, firstName, lastName, birthDate, age) values (12, 'Krisha', 'Denge', '2003-12-13', 18);
insert into Patient (patientID, firstName, lastName, birthDate, age) values (13, 'Karel', 'Juzek', '2002-05-29', 20);
insert into Patient (patientID, firstName, lastName, birthDate, age) values (14, 'Leyla', 'Munson', '1999-06-14', 23);
insert into Patient (patientID, firstName, lastName, birthDate, age) values (15, 'Stanton', 'Valerio', '2002-06-17', 20);
insert into Patient (patientID, firstName, lastName, birthDate, age) values (16, 'Ilise', 'Collman', '2001-03-18', 21);
insert into Patient (patientID, firstName, lastName, birthDate, age) values (17, 'Carey', 'Roistone', '2000-09-17', 22);
insert into Patient (patientID, firstName, lastName, birthDate, age) values (18, 'Rosalinda', 'Chapleo', '2001-07-03', 21);
insert into Patient (patientID, firstName, lastName, birthDate, age) values (19, 'Raven', 'Kivelle', '2001-01-06', 21);
insert into Patient (patientID, firstName, lastName, birthDate, age) values (20, 'Ardine', 'Headford', '2002-03-04', 20);
insert into Patient (patientID, firstName, lastName, birthDate, age) values (21, 'Ashli', 'Ludlem', '2000-06-11', 22);
insert into Patient (patientID, firstName, lastName, birthDate, age) values (22, 'Fonz', 'Littledike', '2000-07-30', 22);
insert into Patient (patientID, firstName, lastName, birthDate, age) values (23, 'Jasmin', 'Merrydew', '1999-01-28', 23);
insert into Patient (patientID, firstName, lastName, birthDate, age) values (24, 'Giulietta', 'Brick', '2000-04-07', 22);
insert into Patient (patientID, firstName, lastName, birthDate, age) values (25, 'Jameson', 'Moules', '2001-11-06', 21);
insert into Patient (patientID, firstName, lastName, birthDate, age) values (26, 'Karola', 'de''-Ancy Willis', '2004-04-03', 18);
insert into Patient (patientID, firstName, lastName, birthDate, age) values (27, 'Orson', 'Utteridge', '2004-07-03', 18);
insert into Patient (patientID, firstName, lastName, birthDate, age) values (28, 'Eula', 'Hutchcraft', '2005-09-13', 17);
insert into Patient (patientID, firstName, lastName, birthDate, age) values (29, 'Doro', 'Wyman', '2000-10-05', 22);
insert into Patient (patientID, firstName, lastName, birthDate, age) values (30, 'Haywood', 'Cauldfield', '2002-12-26', 19);
insert into Patient (patientID, firstName, lastName, birthDate, age) values (31, 'Rosalinde', 'Delmage', '2001-04-14', 21);
insert into Patient (patientID, firstName, lastName, birthDate, age) values (32, 'Jammal', 'Lomasney', '2000-02-18', 22);
insert into Patient (patientID, firstName, lastName, birthDate, age) values (33, 'Avrit', 'Redier', '2000-04-26', 22);
insert into Patient (patientID, firstName, lastName, birthDate, age) values (34, 'Steffie', 'McDirmid', '2001-08-11', 21);
insert into Patient (patientID, firstName, lastName, birthDate, age) values (35, 'Yevette', 'Faull', '2005-02-14', 17);
insert into Patient (patientID, firstName, lastName, birthDate, age) values (36, 'Justinn', 'Wagon', '2004-07-09', 18);
insert into Patient (patientID, firstName, lastName, birthDate, age) values (37, 'Fairfax', 'Carillo', '2003-02-15', 19);
insert into Patient (patientID, firstName, lastName, birthDate, age) values (38, 'Galen', 'Whyley', '2002-05-19', 20);
insert into Patient (patientID, firstName, lastName, birthDate, age) values (39, 'Lew', 'Leadbitter', '2000-12-08', 22);
insert into Patient (patientID, firstName, lastName, birthDate, age) values (40, 'Marshall', 'Easbie', '2000-09-28', 22);
insert into Patient (patientID, firstName, lastName, birthDate, age) values (41, 'Marya', 'Perree', '2003-04-12', 19);
insert into Patient (patientID, firstName, lastName, birthDate, age) values (42, 'Nada', 'Matveichev', '2000-04-26', 22);
insert into Patient (patientID, firstName, lastName, birthDate, age) values (43, 'Felizio', 'Kenny', '2002-05-05', 20);
insert into Patient (patientID, firstName, lastName, birthDate, age) values (44, 'Rolph', 'Hutcheon', '1999-07-26', 23);
insert into Patient (patientID, firstName, lastName, birthDate, age) values (45, 'Fowler', 'Alenichev', '2005-08-03', 17);
insert into Patient (patientID, firstName, lastName, birthDate, age) values (46, 'Carilyn', 'Gerhold', '2003-09-16', 19);
insert into Patient (patientID, firstName, lastName, birthDate, age) values (47, 'Shannon', 'Anney', '2000-06-17', 22);
insert into Patient (patientID, firstName, lastName, birthDate, age) values (48, 'Cele', 'Waddilow', '2001-04-13', 21);
insert into Patient (patientID, firstName, lastName, birthDate, age) values (49, 'Mickey', 'Graham', '2001-02-07', 21);
insert into Patient (patientID, firstName, lastName, birthDate, age) values (50, 'Gertrude', 'Rijkeseis', '2002-06-14', 20);
insert into Patient (patientID, firstName, lastName, birthDate, age) values (51, 'Dav', 'Carnock', '2000-01-18', 22);
insert into Patient (patientID, firstName, lastName, birthDate, age) values (52, 'Giustino', 'O''Scollain', '2002-03-02', 20);
insert into Patient (patientID, firstName, lastName, birthDate, age) values (53, 'Ly', 'Dominguez', '2003-06-25', 19);
insert into Patient (patientID, firstName, lastName, birthDate, age) values (54, 'Adi', 'Hauck', '2002-11-15', 20);
insert into Patient (patientID, firstName, lastName, birthDate, age) values (55, 'Alejoa', 'Martineau', '2000-04-17', 22);
insert into Patient (patientID, firstName, lastName, birthDate, age) values (56, 'Marillin', 'Trowell', '2005-10-07', 17);
insert into Patient (patientID, firstName, lastName, birthDate, age) values (57, 'Kimble', 'Harmeston', '2005-04-02', 17);
insert into Patient (patientID, firstName, lastName, birthDate, age) values (58, 'Gayelord', 'Gwyllt', '2000-08-30', 22);
insert into Patient (patientID, firstName, lastName, birthDate, age) values (59, 'Melinde', 'Soppett', '2001-02-18', 21);
insert into Patient (patientID, firstName, lastName, birthDate, age) values (60, 'Leigh', 'Asch', '2002-12-13', 19);


-- Doctor
insert into Doctor (doctorID, specialization, firstName, lastName, consent) values (1, 'Orthopedic Surgery', 'Bogart', 'Tattershaw', 1);
insert into Doctor (doctorID, specialization, firstName, lastName, consent) values (2, 'Orthopedic Surgery', 'Karoly', 'Shovelbottom', 1);
insert into Doctor (doctorID, specialization, firstName, lastName, consent) values (3, 'Ophthalmology', 'Juliane', 'McClymond', 1);
insert into Doctor (doctorID, specialization, firstName, lastName, consent) values (4, 'Ophthalmology', 'Patrice', 'Ruddick', 1);
insert into Doctor (doctorID, specialization, firstName, lastName, consent) values (5, 'Emergency Medicine', 'Lillian', 'Rawles', 1);
insert into Doctor (doctorID, specialization, firstName, lastName, consent) values (6, 'Oncology', 'Ulick', 'Lapre', 1);
insert into Doctor (doctorID, specialization, firstName, lastName, consent) values (7, 'Obstetrics and Gynecology', 'Welbie', 'Bengochea', 1);
insert into Doctor (doctorID, specialization, firstName, lastName, consent) values (8, 'Radiology', 'Carlos', 'Skep', 1);
insert into Doctor (doctorID, specialization, firstName, lastName, consent) values (9, 'Infectious Disease', 'Annabella', 'Stelfox', 1);
insert into Doctor (doctorID, specialization, firstName, lastName, consent) values (10, 'Allergy and Immunology', 'Casar', 'Seathwright', 1);
insert into Doctor (doctorID, specialization, firstName, lastName, consent) values (11, 'Pediatrics', 'Allan', 'Klaaassen', 1);
insert into Doctor (doctorID, specialization, firstName, lastName, consent) values (12, 'Family Medicine', 'Rayna', 'Colthard', 1);
insert into Doctor (doctorID, specialization, firstName, lastName, consent) values (13, 'Family Medicine', 'Addia', 'Bettanay', 1);
insert into Doctor (doctorID, specialization, firstName, lastName, consent) values (14, 'Gastroenterology', 'Belinda', 'Upwood', 1);
insert into Doctor (doctorID, specialization, firstName, lastName, consent) values (15, 'Geriatrics', 'Hyacinthia', 'Clunan', 1);
insert into Doctor (doctorID, specialization, firstName, lastName, consent) values (16, 'Emergency Medicine', 'Abran', 'Streeter', 1);
insert into Doctor (doctorID, specialization, firstName, lastName, consent) values (17, 'Internal Medicine', 'Cathyleen', 'Keppe', 1);
insert into Doctor (doctorID, specialization, firstName, lastName, consent) values (18, 'Otolaryngology (ENT)', 'Wit', 'Jeanes', 1);
insert into Doctor (doctorID, specialization, firstName, lastName, consent) values (19, 'Otolaryngology (ENT)', 'Julee', 'Edeson', 1);
insert into Doctor (doctorID, specialization, firstName, lastName, consent) values (20, 'Otolaryngology (ENT)', 'Natala', 'Diglin', 1);
insert into Doctor (doctorID, specialization, firstName, lastName, consent) values (21, 'Cardiology', 'Griffin', 'Heathwood', 1);
insert into Doctor (doctorID, specialization, firstName, lastName, consent) values (22, 'Orthopedic Surgery', 'Jonas', 'Rowlson', 1);
insert into Doctor (doctorID, specialization, firstName, lastName, consent) values (23, 'Obstetrics and Gynecology', 'Nelie', 'Heape', 1);
insert into Doctor (doctorID, specialization, firstName, lastName, consent) values (24, 'Endocrinology', 'Virgina', 'Massingberd', 1);
insert into Doctor (doctorID, specialization, firstName, lastName, consent) values (25, 'Psychiatry', 'Dalia', 'Scourge', 1);
insert into Doctor (doctorID, specialization, firstName, lastName, consent) values (26, 'Urology.', 'Emili', 'McAllester', 1);
insert into Doctor (doctorID, specialization, firstName, lastName, consent) values (27, 'Psychiatry', 'Fleming', 'Sandle', 1);
insert into Doctor (doctorID, specialization, firstName, lastName, consent) values (28, 'Gastroenterology', 'Hoyt', 'Dougary', 1);
insert into Doctor (doctorID, specialization, firstName, lastName, consent) values (29, 'Internal Medicine', 'Robinet', 'Rijkeseis', 1);
insert into Doctor (doctorID, specialization, firstName, lastName, consent) values (30, 'Sports Medicine', 'Herold', 'Lundie', 1);
insert into Doctor (doctorID, specialization, firstName, lastName, consent) values (31, 'Dermatology', 'Virgie', 'Flindall', 1);
insert into Doctor (doctorID, specialization, firstName, lastName, consent) values (32, 'Infectious Disease', 'Aldus', 'Baert', 1);
insert into Doctor (doctorID, specialization, firstName, lastName, consent) values (33, 'Gastroenterology', 'Yulma', 'Mewett', 1);
insert into Doctor (doctorID, specialization, firstName, lastName, consent) values (34, 'Family Medicine', 'Mortie', 'Gullick', 1);
insert into Doctor (doctorID, specialization, firstName, lastName, consent) values (35, 'Plastic Surgery', 'Dacia', 'Tatlowe', 1);
insert into Doctor (doctorID, specialization, firstName, lastName, consent) values (36, 'Endocrinology', 'Sydney', 'Cauldwell', 1);
insert into Doctor (doctorID, specialization, firstName, lastName, consent) values (37, 'Pathology', 'Viva', 'Tregona', 1);
insert into Doctor (doctorID, specialization, firstName, lastName, consent) values (38, 'Psychiatry', 'Larine', 'McBrearty', 1);
insert into Doctor (doctorID, specialization, firstName, lastName, consent) values (39, 'Physical Medicine and Rehabilitation', 'Helene', 'Lamba', 1);
insert into Doctor (doctorID, specialization, firstName, lastName, consent) values (40, 'Hematology', 'Brook', 'Birtwisle', 1);
insert into Doctor (doctorID, specialization, firstName, lastName, consent) values (41, 'Plastic Surgery', 'Alis', 'Melbourne', 1);
insert into Doctor (doctorID, specialization, firstName, lastName, consent) values (42, 'Hematology', 'Axel', 'Johanning', 1);
insert into Doctor (doctorID, specialization, firstName, lastName, consent) values (43, 'Cardiology', 'Rosana', 'Bertomieu', 1);
insert into Doctor (doctorID, specialization, firstName, lastName, consent) values (44, 'Pulmonology', 'Thomasa', 'Kislingbury', 1);
insert into Doctor (doctorID, specialization, firstName, lastName, consent) values (45, 'Gastroenterology', 'Neely', 'Chatenier', 1);
insert into Doctor (doctorID, specialization, firstName, lastName, consent) values (46, 'Allergy and Immunology', 'Anselm', 'Schleicher', 1);
insert into Doctor (doctorID, specialization, firstName, lastName, consent) values (47, 'Family Medicine', 'Vitia', 'Burleton', 1);
insert into Doctor (doctorID, specialization, firstName, lastName, consent) values (48, 'Plastic Surgery', 'Aundrea', 'Almak', 1);
insert into Doctor (doctorID, specialization, firstName, lastName, consent) values (49, 'Infectious Disease', 'Dur', 'Cheal', 1);
insert into Doctor (doctorID, specialization, firstName, lastName, consent) values (50, 'Nephrology', 'Cybil', 'Fawley', 1);
insert into Doctor (doctorID, specialization, firstName, lastName, consent) values (51, 'Internal Medicine', 'Viole', 'Gronaller', 1);
insert into Doctor (doctorID, specialization, firstName, lastName, consent) values (52, 'Sports Medicine', 'Todd', 'Dilliston', 1);
insert into Doctor (doctorID, specialization, firstName, lastName, consent) values (53, 'Nephrology', 'Morgan', 'Danielovitch', 1);
insert into Doctor (doctorID, specialization, firstName, lastName, consent) values (54, 'Rheumatology', 'Lock', 'Clink', 1);
insert into Doctor (doctorID, specialization, firstName, lastName, consent) values (55, 'Emergency Medicine', 'Vallie', 'Caddan', 1);
insert into Doctor (doctorID, specialization, firstName, lastName, consent) values (56, 'Neurology', 'Joye', 'Walenta', 1);
insert into Doctor (doctorID, specialization, firstName, lastName, consent) values (57, 'Dermatology', 'Kristine', 'Hardwell', 1);
insert into Doctor (doctorID, specialization, firstName, lastName, consent) values (58, 'Gastroenterology', 'Sigismund', 'Snoday', 1);
insert into Doctor (doctorID, specialization, firstName, lastName, consent) values (59, 'Radiology', 'Madelena', 'Dilks', 1);
insert into Doctor (doctorID, specialization, firstName, lastName, consent) values (60, 'Geriatrics', 'Delilah', 'Hollidge', 1);


-- Wellness Coach
insert into WellnessCoach (coachID, education, firstName, lastName, consent) values (1, 'Nursing', 'Carla', 'Lightollers', 0);
insert into WellnessCoach (coachID, education, firstName, lastName, consent) values (2, 'Psychology', 'Cammy', 'Jaume', 0);
insert into WellnessCoach (coachID, education, firstName, lastName, consent) values (3, 'Psychology', 'Sydel', 'Edelman', 0);
insert into WellnessCoach (coachID, education, firstName, lastName, consent) values (4, 'Holistic Health', 'Spenser', 'Perview', 0);
insert into WellnessCoach (coachID, education, firstName, lastName, consent) values (5, 'Dietetics', 'Emanuele', 'Leaf', 0);
insert into WellnessCoach (coachID, education, firstName, lastName, consent) values (6, 'Health Promotion', 'Verine', 'Sellan', 0);
insert into WellnessCoach (coachID, education, firstName, lastName, consent) values (7, 'Wellness Management', 'Garvey', 'Lambrecht', 0);
insert into WellnessCoach (coachID, education, firstName, lastName, consent) values (8, 'Behavioral Science', 'Vinnie', 'Lawman', 0);
insert into WellnessCoach (coachID, education, firstName, lastName, consent) values (9, 'Sports Science', 'Frances', 'MacGebenay', 0);
insert into WellnessCoach (coachID, education, firstName, lastName, consent) values (10, 'Sports Science', 'Cosme', 'Greenland', 0);
insert into WellnessCoach (coachID, education, firstName, lastName, consent) values (11, 'Human Physiology', 'Herve', 'Rushsorth', 0);
insert into WellnessCoach (coachID, education, firstName, lastName, consent) values (12, 'Health Education', 'Husein', 'Kupke', 0);
insert into WellnessCoach (coachID, education, firstName, lastName, consent) values (13, 'Holistic Health', 'Joela', 'Lamb-shine', 0);
insert into WellnessCoach (coachID, education, firstName, lastName, consent) values (14, 'Kinesiology', 'Hastings', 'Seekings', 0);
insert into WellnessCoach (coachID, education, firstName, lastName, consent) values (15, 'Health Promotion', 'Arvy', 'Exley', 0);
insert into WellnessCoach (coachID, education, firstName, lastName, consent) values (16, 'Holistic Health', 'Danyette', 'Abel', 0);
insert into WellnessCoach (coachID, education, firstName, lastName, consent) values (17, 'Kinesiology', 'Katrina', 'Dwyer', 0);
insert into WellnessCoach (coachID, education, firstName, lastName, consent) values (18, 'Dietetics', 'Baily', 'Caves', 0);
insert into WellnessCoach (coachID, education, firstName, lastName, consent) values (19, 'Sociology', 'Galvin', 'Guillem', 0);
insert into WellnessCoach (coachID, education, firstName, lastName, consent) values (20, 'Counseling', 'Chere', 'Zylbermann', 0);
insert into WellnessCoach (coachID, education, firstName, lastName, consent) values (21, 'Health Coaching', 'Luce', 'Claffey', 0);
insert into WellnessCoach (coachID, education, firstName, lastName, consent) values (22, 'Physical Education', 'Bernardo', 'Whieldon', 0);
insert into WellnessCoach (coachID, education, firstName, lastName, consent) values (23, 'Health Promotion', 'Andris', 'Nibley', 0);
insert into WellnessCoach (coachID, education, firstName, lastName, consent) values (24, 'Psychology', 'Israel', 'Poynser', 0);
insert into WellnessCoach (coachID, education, firstName, lastName, consent) values (25, 'Counseling', 'Miltie', 'Melonby', 0);
insert into WellnessCoach (coachID, education, firstName, lastName, consent) values (26, 'Psychology', 'Andrey', 'Radcliffe', 0);
insert into WellnessCoach (coachID, education, firstName, lastName, consent) values (27, 'Fitness and Health', 'Remington', 'Murtimer', 0);
insert into WellnessCoach (coachID, education, firstName, lastName, consent) values (28, 'Behavioral Science', 'Vallie', 'Ugoni', 0);
insert into WellnessCoach (coachID, education, firstName, lastName, consent) values (29, 'Psychology', 'Mia', 'Essery', 0);
insert into WellnessCoach (coachID, education, firstName, lastName, consent) values (30, 'Sociology', 'Jeanine', 'Kirkebye', 0);
insert into WellnessCoach (coachID, education, firstName, lastName, consent) values (31, 'Integrative Health', 'Myles', 'Palfreman', 0);
insert into WellnessCoach (coachID, education, firstName, lastName, consent) values (32, 'Dietetics', 'Bron', 'Steere', 0);
insert into WellnessCoach (coachID, education, firstName, lastName, consent) values (33, 'Health Coaching', 'Dierdre', 'Calloway', 0);
insert into WellnessCoach (coachID, education, firstName, lastName, consent) values (34, 'Nursing', 'Linell', 'McGiffie', 0);
insert into WellnessCoach (coachID, education, firstName, lastName, consent) values (35, 'Sports Science', 'Ed', 'Dosedale', 0);
insert into WellnessCoach (coachID, education, firstName, lastName, consent) values (36, 'Sports Science', 'Benjamen', 'Girardi', 0);
insert into WellnessCoach (coachID, education, firstName, lastName, consent) values (37, 'Health Coaching', 'Matthias', 'Naisbit', 0);
insert into WellnessCoach (coachID, education, firstName, lastName, consent) values (38, 'Public Health', 'Franciskus', 'Dearnaly', 0);
insert into WellnessCoach (coachID, education, firstName, lastName, consent) values (39, 'Nursing', 'Bartie', 'Winnister', 0);
insert into WellnessCoach (coachID, education, firstName, lastName, consent) values (40, 'Psychology', 'Marnie', 'Venn', 0);
insert into WellnessCoach (coachID, education, firstName, lastName, consent) values (41, 'Sociology', 'Issy', 'McCluskey', 0);
insert into WellnessCoach (coachID, education, firstName, lastName, consent) values (42, 'Nursing', 'Ingar', 'Beton', 0);
insert into WellnessCoach (coachID, education, firstName, lastName, consent) values (43, 'Health Coaching', 'Kennett', 'Brightman', 0);
insert into WellnessCoach (coachID, education, firstName, lastName, consent) values (44, 'Sociology', 'Chalmers', 'Sebrens', 0);
insert into WellnessCoach (coachID, education, firstName, lastName, consent) values (45, 'Counseling', 'Corby', 'Hullins', 0);
insert into WellnessCoach (coachID, education, firstName, lastName, consent) values (46, 'Kinesiology', 'Salomo', 'Josilowski', 0);
insert into WellnessCoach (coachID, education, firstName, lastName, consent) values (47, 'Counseling', 'Emelyne', 'Sydall', 0);
insert into WellnessCoach (coachID, education, firstName, lastName, consent) values (48, 'Exercise Science', 'Rolland', 'Byrcher', 0);
insert into WellnessCoach (coachID, education, firstName, lastName, consent) values (49, 'Sociology', 'Zacherie', 'Hammerson', 0);
insert into WellnessCoach (coachID, education, firstName, lastName, consent) values (50, 'Behavioral Science', 'Dallis', 'Breit', 0);
insert into WellnessCoach (coachID, education, firstName, lastName, consent) values (51, 'Holistic Health', 'Tybalt', 'MacPeake', 0);
insert into WellnessCoach (coachID, education, firstName, lastName, consent) values (52, 'Fitness and Health', 'Ursala', 'Rebichon', 0);
insert into WellnessCoach (coachID, education, firstName, lastName, consent) values (53, 'Fitness and Health', 'Christin', 'Burtwhistle', 0);
insert into WellnessCoach (coachID, education, firstName, lastName, consent) values (54, 'Kinesiology', 'Brear', 'Haldin', 0);
insert into WellnessCoach (coachID, education, firstName, lastName, consent) values (55, 'Fitness and Health', 'Hew', 'McIntee', 0);
insert into WellnessCoach (coachID, education, firstName, lastName, consent) values (56, 'Behavioral Science', 'Melisse', 'Denerley', 0);
insert into WellnessCoach (coachID, education, firstName, lastName, consent) values (57, 'Sports Science', 'Esra', 'Megarrell', 0);
insert into WellnessCoach (coachID, education, firstName, lastName, consent) values (58, 'Behavioral Science', 'Wyatan', 'Sibly', 0);
insert into WellnessCoach (coachID, education, firstName, lastName, consent) values (59, 'Integrative Health', 'Henrieta', 'Hantusch', 0);
insert into WellnessCoach (coachID, education, firstName, lastName, consent) values (60, 'Health Education', 'Brandea', 'Brooking', 0);

-- Insurance Representative
insert into InsuranceRepresentative (repID, company, firstName, lastName, consent) values (1, 'Allstate', 'Bellina', 'Woolmore', 0);
insert into InsuranceRepresentative (repID, company, firstName, lastName, consent) values (2, 'Farmers Insurance', 'Audre', 'Dudeney', 0);
insert into InsuranceRepresentative (repID, company, firstName, lastName, consent) values (3, 'Liberty Mutual', 'Shina', 'Pinchen', 0);
insert into InsuranceRepresentative (repID, company, firstName, lastName, consent) values (4, 'Farmers Insurance', 'Abelard', 'Piperley', 0);
insert into InsuranceRepresentative (repID, company, firstName, lastName, consent) values (5, 'Blue Cross Blue Shield', 'Stephine', 'Potier', 0);
insert into InsuranceRepresentative (repID, company, firstName, lastName, consent) values (6, 'Travelers', 'Babita', 'Lean', 0);
insert into InsuranceRepresentative (repID, company, firstName, lastName, consent) values (7, 'Progressive', 'Mil', 'Hurl', 0);
insert into InsuranceRepresentative (repID, company, firstName, lastName, consent) values (8, 'Cigna', 'Gaby', 'Crangle', 0);
insert into InsuranceRepresentative (repID, company, firstName, lastName, consent) values (9, 'Cigna', 'Lancelot', 'Maymond', 0);
insert into InsuranceRepresentative (repID, company, firstName, lastName, consent) values (10, 'Travelers', 'Bordie', 'Sertin', 0);
insert into InsuranceRepresentative (repID, company, firstName, lastName, consent) values (11, 'UnitedHealth Group', 'Uta', 'Crichmere', 0);
insert into InsuranceRepresentative (repID, company, firstName, lastName, consent) values (12, 'Farmers Insurance', 'Trixi', 'Kemson', 0);
insert into InsuranceRepresentative (repID, company, firstName, lastName, consent) values (13, 'Cigna', 'Wittie', 'McNamee', 0);
insert into InsuranceRepresentative (repID, company, firstName, lastName, consent) values (14, 'Nationwide', 'Moritz', 'Knowler', 0);
insert into InsuranceRepresentative (repID, company, firstName, lastName, consent) values (15, 'Travelers', 'Hersh', 'Dishmon', 0);
insert into InsuranceRepresentative (repID, company, firstName, lastName, consent) values (16, 'Aetna', 'Pascal', 'Lowson', 0);
insert into InsuranceRepresentative (repID, company, firstName, lastName, consent) values (17, 'State Farm', 'Rhodie', 'Witcher', 0);
insert into InsuranceRepresentative (repID, company, firstName, lastName, consent) values (18, 'State Farm', 'Meara', 'Aberdein', 0);
insert into InsuranceRepresentative (repID, company, firstName, lastName, consent) values (19, 'USAA', 'Maude', 'Innot', 0);
insert into InsuranceRepresentative (repID, company, firstName, lastName, consent) values (20, 'MetLife', 'Garek', 'Caisley', 0);
insert into InsuranceRepresentative (repID, company, firstName, lastName, consent) values (21, 'Allstate', 'Jarid', 'Dooher', 0);
insert into InsuranceRepresentative (repID, company, firstName, lastName, consent) values (22, 'Liberty Mutual', 'Miguelita', 'Hughesdon', 0);
insert into InsuranceRepresentative (repID, company, firstName, lastName, consent) values (23, 'UnitedHealth Group', 'Jarrod', 'Tonsley', 0);
insert into InsuranceRepresentative (repID, company, firstName, lastName, consent) values (24, 'Nationwide', 'Kalil', 'Killshaw', 0);
insert into InsuranceRepresentative (repID, company, firstName, lastName, consent) values (25, 'USAA', 'Chester', 'Bullers', 0);
insert into InsuranceRepresentative (repID, company, firstName, lastName, consent) values (26, 'Liberty Mutual', 'Irita', 'Haffard', 0);
insert into InsuranceRepresentative (repID, company, firstName, lastName, consent) values (27, 'Cigna', 'Yul', 'Krugmann', 0);
insert into InsuranceRepresentative (repID, company, firstName, lastName, consent) values (28, 'Aetna', 'Tate', 'Deller', 0);
insert into InsuranceRepresentative (repID, company, firstName, lastName, consent) values (29, 'Blue Cross Blue Shield', 'Cherianne', 'Warmisham', 0);
insert into InsuranceRepresentative (repID, company, firstName, lastName, consent) values (30, 'MetLife', 'Jeanna', 'Roycraft', 0);
insert into InsuranceRepresentative (repID, company, firstName, lastName, consent) values (31, 'State Farm', 'Findley', 'Ogles', 0);
insert into InsuranceRepresentative (repID, company, firstName, lastName, consent) values (32, 'UnitedHealth Group', 'Donella', 'Maddra', 0);
insert into InsuranceRepresentative (repID, company, firstName, lastName, consent) values (33, 'Allstate', 'Anton', 'Dainty', 0);
insert into InsuranceRepresentative (repID, company, firstName, lastName, consent) values (34, 'Farmers Insurance', 'Bernete', 'Evison', 0);
insert into InsuranceRepresentative (repID, company, firstName, lastName, consent) values (35, 'USAA', 'Melody', 'Sandcraft', 0);
insert into InsuranceRepresentative (repID, company, firstName, lastName, consent) values (36, 'Prudential', 'Ive', 'Dot', 0);
insert into InsuranceRepresentative (repID, company, firstName, lastName, consent) values (37, 'Aetna', 'Dion', 'Saladino', 0);
insert into InsuranceRepresentative (repID, company, firstName, lastName, consent) values (38, 'UnitedHealth Group', 'Newton', 'MacVicar', 0);
insert into InsuranceRepresentative (repID, company, firstName, lastName, consent) values (39, 'Prudential', 'Rina', 'Rawle', 0);
insert into InsuranceRepresentative (repID, company, firstName, lastName, consent) values (40, 'Cigna', 'Peirce', 'Southernwood', 0);
insert into InsuranceRepresentative (repID, company, firstName, lastName, consent) values (41, 'Aetna', 'Paten', 'Landrean', 0);
insert into InsuranceRepresentative (repID, company, firstName, lastName, consent) values (42, 'Prudential', 'Denise', 'Bagshawe', 0);
insert into InsuranceRepresentative (repID, company, firstName, lastName, consent) values (43, 'State Farm', 'Miran', 'Bingle', 0);
insert into InsuranceRepresentative (repID, company, firstName, lastName, consent) values (44, 'Travelers', 'Maisie', 'Veldstra', 0);
insert into InsuranceRepresentative (repID, company, firstName, lastName, consent) values (45, 'Liberty Mutual', 'Noel', 'Casacchia', 0);
insert into InsuranceRepresentative (repID, company, firstName, lastName, consent) values (46, 'State Farm', 'Katie', 'Kearle', 0);
insert into InsuranceRepresentative (repID, company, firstName, lastName, consent) values (47, 'Farmers Insurance', 'Quint', 'Fanti', 0);
insert into InsuranceRepresentative (repID, company, firstName, lastName, consent) values (48, 'Cigna', 'Valentia', 'Possel', 0);
insert into InsuranceRepresentative (repID, company, firstName, lastName, consent) values (49, 'Cigna', 'Chryste', 'Archer', 0);
insert into InsuranceRepresentative (repID, company, firstName, lastName, consent) values (50, 'Blue Cross Blue Shield', 'Cristabel', 'Koop', 0);
insert into InsuranceRepresentative (repID, company, firstName, lastName, consent) values (51, 'UnitedHealth Group', 'Christoper', 'Yurov', 0);
insert into InsuranceRepresentative (repID, company, firstName, lastName, consent) values (52, 'Blue Cross Blue Shield', 'Jamil', 'Ridding', 0);
insert into InsuranceRepresentative (repID, company, firstName, lastName, consent) values (53, 'Allstate', 'Sandy', 'Dalliwater', 0);
insert into InsuranceRepresentative (repID, company, firstName, lastName, consent) values (54, 'MetLife', 'Gareth', 'Barsham', 0);
insert into InsuranceRepresentative (repID, company, firstName, lastName, consent) values (55, 'Farmers Insurance', 'Marmaduke', 'Maffucci', 0);
insert into InsuranceRepresentative (repID, company, firstName, lastName, consent) values (56, 'Liberty Mutual', 'Berny', 'Jacques', 0);
insert into InsuranceRepresentative (repID, company, firstName, lastName, consent) values (57, 'Prudential', 'Merline', 'Decker', 0);
insert into InsuranceRepresentative (repID, company, firstName, lastName, consent) values (58, 'Nationwide', 'Aile', 'Markson', 0);
insert into InsuranceRepresentative (repID, company, firstName, lastName, consent) values (59, 'UnitedHealth Group', 'Gerik', 'Ughetti', 0);
insert into InsuranceRepresentative (repID, company, firstName, lastName, consent) values (60, 'Nationwide', 'Jarrett', 'Cowope', 0);

-- Visit
insert into Visit (visitid, purpose, visitdate, patientid, doctorid, coachid, canceled) values (1, 'justo in blandit', '2023-03-21', 32, 5, 30, 0);
insert into Visit (visitid, purpose, visitdate, patientid, doctorid, coachid, canceled) values (2, 'rutrum neque aenean auctor', '2023-02-11', 58, 18, 20, 1);
insert into Visit (visitid, purpose, visitdate, patientid, doctorid, coachid, canceled) values (3, 'ante ipsum primis in', '2023-01-06', 3, 51, 1, 0);
insert into Visit (visitid, purpose, visitdate, patientid, doctorid, coachid, canceled) values (4, 'nulla neque libero convallis', '2023-10-22', 32, 31, 8, 0);
insert into Visit (visitid, purpose, visitdate, patientid, doctorid, coachid, canceled) values (5, 'orci eget orci', '2023-08-01', 35, 12, 28, 1);
insert into Visit (visitid, purpose, visitdate, patientid, doctorid, coachid, canceled) values (6, 'est quam pharetra magna ac', '2023-08-09', 57, 51, 60, 1);
insert into Visit (visitid, purpose, visitdate, patientid, doctorid, coachid, canceled) values (7, 'dolor vel est donec', '2023-07-09', 56, 29, 1, 1);
insert into Visit (visitid, purpose, visitdate, patientid, doctorid, coachid, canceled) values (8, 'vel dapibus', '2023-10-28', 26, 18, 38, 1);
insert into Visit (visitid, purpose, visitdate, patientid, doctorid, coachid, canceled) values (9, 'lacinia sapien quis', '2023-08-08', 52, 21, 57, 1);
insert into Visit (visitid, purpose, visitdate, patientid, doctorid, coachid, canceled) values (10, 'ultrices posuere cubilia curae donec', '2023-07-31', 37, 52, 40, 1);
insert into Visit (visitid, purpose, visitdate, patientid, doctorid, coachid, canceled) values (11, 'sapien', '2023-10-28', 39, 34, 12, 1);
insert into Visit (visitid, purpose, visitdate, patientid, doctorid, coachid, canceled) values (12, 'morbi', '2023-07-01', 8, 60, 37, 1);
insert into Visit (visitid, purpose, visitdate, patientid, doctorid, coachid, canceled) values (13, 'lacus morbi', '2023-08-19', 34, 38, 1, 0);
insert into Visit (visitid, purpose, visitdate, patientid, doctorid, coachid, canceled) values (14, 'vel', '2022-12-20', 24, 48, 32, 1);
insert into Visit (visitid, purpose, visitdate, patientid, doctorid, coachid, canceled) values (15, 'montes nascetur ridiculus', '2023-10-24', 6, 20, 9, 0);
insert into Visit (visitid, purpose, visitdate, patientid, doctorid, coachid, canceled) values (16, 'ultrices aliquet maecenas', '2023-10-29', 33, 5, 43, 1);
insert into Visit (visitid, purpose, visitdate, patientid, doctorid, coachid, canceled) values (17, 'duis bibendum', '2023-03-29', 60, 11, 12, 0);
insert into Visit (visitid, purpose, visitdate, patientid, doctorid, coachid, canceled) values (18, 'magna bibendum imperdiet nullam orci', '2022-12-28', 23, 15, 24, 0);
insert into Visit (visitid, purpose, visitdate, patientid, doctorid, coachid, canceled) values (19, 'consequat morbi a ipsum integer', '2023-02-05', 37, 59, 34, 1);
insert into Visit (visitid, purpose, visitdate, patientid, doctorid, coachid, canceled) values (20, 'quis augue', '2023-07-22', 24, 17, 43, 1);
insert into Visit (visitid, purpose, visitdate, patientid, doctorid, coachid, canceled) values (21, 'primis in', '2023-05-26', 49, 26, 44, 1);
insert into Visit (visitid, purpose, visitdate, patientid, doctorid, coachid, canceled) values (22, 'porta volutpat quam', '2023-07-29', 33, 17, 22, 1);
insert into Visit (visitid, purpose, visitdate, patientid, doctorid, coachid, canceled) values (23, 'consequat nulla nisl nunc', '2023-07-05', 40, 3, 34, 1);
insert into Visit (visitid, purpose, visitdate, patientid, doctorid, coachid, canceled) values (24, 'curae mauris viverra diam vitae', '2023-02-05', 54, 48, 50, 1);
insert into Visit (visitid, purpose, visitdate, patientid, doctorid, coachid, canceled) values (25, 'at velit eu', '2022-12-05', 21, 39, 45, 0);
insert into Visit (visitid, purpose, visitdate, patientid, doctorid, coachid, canceled) values (26, 'in quis justo maecenas rhoncus', '2023-10-11', 13, 46, 7, 1);
insert into Visit (visitid, purpose, visitdate, patientid, doctorid, coachid, canceled) values (27, 'nisi nam ultrices libero', '2022-12-24', 34, 22, 55, 0);
insert into Visit (visitid, purpose, visitdate, patientid, doctorid, coachid, canceled) values (28, 'sem praesent id massa', '2023-01-11', 26, 1, 44, 0);
insert into Visit (visitid, purpose, visitdate, patientid, doctorid, coachid, canceled) values (29, 'placerat ante nulla justo aliquam', '2023-06-30', 21, 16, 38, 1);
insert into Visit (visitid, purpose, visitdate, patientid, doctorid, coachid, canceled) values (30, 'tempus semper est', '2023-04-19', 3, 59, 46, 0);
insert into Visit (visitid, purpose, visitdate, patientid, doctorid, coachid, canceled) values (31, 'nibh in lectus', '2023-09-07', 33, 32, 25, 1);
insert into Visit (visitid, purpose, visitdate, patientid, doctorid, coachid, canceled) values (32, 'sapien cum sociis natoque', '2023-07-12', 35, 6, 50, 0);
insert into Visit (visitid, purpose, visitdate, patientid, doctorid, coachid, canceled) values (33, 'sed', '2023-05-17', 51, 35, 9, 1);
insert into Visit (visitid, purpose, visitdate, patientid, doctorid, coachid, canceled) values (34, 'diam vitae quam suspendisse potenti', '2023-11-30', 29, 54, 38, 0);
insert into Visit (visitid, purpose, visitdate, patientid, doctorid, coachid, canceled) values (35, 'luctus nec molestie sed', '2023-05-19', 27, 14, 25, 0);
insert into Visit (visitid, purpose, visitdate, patientid, doctorid, coachid, canceled) values (36, 'tellus nulla ut', '2022-12-29', 54, 7, 19, 1);
insert into Visit (visitid, purpose, visitdate, patientid, doctorid, coachid, canceled) values (37, 'interdum in ante vestibulum ante', '2023-05-07', 47, 52, 37, 1);
insert into Visit (visitid, purpose, visitdate, patientid, doctorid, coachid, canceled) values (38, 'ultrices', '2023-11-07', 59, 26, 52, 1);
insert into Visit (visitid, purpose, visitdate, patientid, doctorid, coachid, canceled) values (39, 'lectus pellentesque eget', '2023-08-21', 35, 24, 27, 1);
insert into Visit (visitid, purpose, visitdate, patientid, doctorid, coachid, canceled) values (40, 'dui vel sem', '2023-09-11', 39, 8, 30, 0);
insert into Visit (visitid, purpose, visitdate, patientid, doctorid, coachid, canceled) values (41, 'accumsan felis', '2023-05-07', 49, 40, 48, 0);
insert into Visit (visitid, purpose, visitdate, patientid, doctorid, coachid, canceled) values (42, 'eget eleifend', '2023-04-09', 34, 41, 49, 0);
insert into Visit (visitid, purpose, visitdate, patientid, doctorid, coachid, canceled) values (43, 'molestie lorem quisque ut', '2023-07-03', 51, 9, 11, 0);
insert into Visit (visitid, purpose, visitdate, patientid, doctorid, coachid, canceled) values (44, 'ut massa', '2023-05-05', 38, 28, 44, 1);
insert into Visit (visitid, purpose, visitdate, patientid, doctorid, coachid, canceled) values (45, 'primis in faucibus orci luctus', '2023-05-17', 41, 20, 54, 0);
insert into Visit (visitid, purpose, visitdate, patientid, doctorid, coachid, canceled) values (46, 'blandit mi in porttitor pede', '2023-01-23', 47, 5, 44, 0);
insert into Visit (visitid, purpose, visitdate, patientid, doctorid, coachid, canceled) values (47, 'integer a', '2023-02-05', 4, 38, 21, 0);
insert into Visit (visitid, purpose, visitdate, patientid, doctorid, coachid, canceled) values (48, 'pellentesque viverra', '2023-02-15', 37, 56, 44, 0);
insert into Visit (visitid, purpose, visitdate, patientid, doctorid, coachid, canceled) values (49, 'purus eu magna vulputate luctus', '2023-02-14', 26, 20, 2, 0);
insert into Visit (visitid, purpose, visitdate, patientid, doctorid, coachid, canceled) values (50, 'eget rutrum at lorem integer', '2023-05-15', 51, 27, 41, 0);
insert into Visit (visitid, purpose, visitdate, patientid, doctorid, coachid, canceled) values (51, 'accumsan tortor', '2023-05-27', 14, 5, 33, 0);
insert into Visit (visitid, purpose, visitdate, patientid, doctorid, coachid, canceled) values (52, 'in sapien iaculis congue', '2023-09-10', 45, 52, 8, 1);
insert into Visit (visitid, purpose, visitdate, patientid, doctorid, coachid, canceled) values (53, 'faucibus', '2023-01-20', 37, 3, 15, 1);
insert into Visit (visitid, purpose, visitdate, patientid, doctorid, coachid, canceled) values (54, 'et magnis', '2023-04-08', 32, 13, 2, 1);
insert into Visit (visitid, purpose, visitdate, patientid, doctorid, coachid, canceled) values (55, 'nam tristique tortor eu pede', '2023-10-19', 44, 19, 11, 0);
insert into Visit (visitid, purpose, visitdate, patientid, doctorid, coachid, canceled) values (56, 'erat vestibulum sed magna at', '2023-10-13', 39, 18, 57, 0);
insert into Visit (visitid, purpose, visitdate, patientid, doctorid, coachid, canceled) values (57, 'suspendisse potenti', '2023-08-23', 3, 27, 35, 1);
insert into Visit (visitid, purpose, visitdate, patientid, doctorid, coachid, canceled) values (58, 'tristique est et tempus semper', '2023-02-07', 44, 42, 14, 1);
insert into Visit (visitid, purpose, visitdate, patientid, doctorid, coachid, canceled) values (59, 'auctor', '2023-07-23', 14, 55, 1, 1);
insert into Visit (visitid, purpose, visitdate, patientid, doctorid, coachid, canceled) values (60, 'cras mi pede', '2023-11-28', 30, 48, 48, 0);

-- Lab Results
insert into LabResults (testID, result, type, testDate, patientID) values (1, 'a odio in hac habitasse platea dictumst maecenas ut massa quis augue luctus tincidunt nulla mollis molestie lorem', 'Urinalysis', '2/12/2023', 42);
insert into LabResults (testID, result, type, testDate, patientID) values (2, 'vitae nisl aenean lectus pellentesque eget nunc donec quis orci eget orci vehicula condimentum curabitur in', 'Liver Enzymes', '7/11/2023', 3);
insert into LabResults (testID, result, type, testDate, patientID) values (3, 'in faucibus orci luctus et ultrices posuere cubilia curae mauris viverra diam vitae quam suspendisse potenti nullam porttitor', 'Lipid Profile', '5/24/2023', 4);
insert into LabResults (testID, result, type, testDate, patientID) values (4, 'morbi non quam nec dui luctus rutrum nulla tellus in sagittis dui vel nisl duis ac nibh fusce lacus', 'Blood Glucose', '8/20/2023', 57);
insert into LabResults (testID, result, type, testDate, patientID) values (5, 'luctus et ultrices posuere cubilia curae mauris viverra diam vitae quam suspendisse potenti', 'PSA)', '9/15/2023', 24);
insert into LabResults (testID, result, type, testDate, patientID) values (6, 'leo odio porttitor id consequat in consequat ut nulla sed accumsan felis ut', 'BUN (Blood Urea Nitrogen)', '4/14/2023', 23);
insert into LabResults (testID, result, type, testDate, patientID) values (7, 'hac habitasse platea dictumst aliquam augue quam sollicitudin vitae consectetuer eget rutrum at', 'Liver Enzymes', '2/5/2023', 37);
insert into LabResults (testID, result, type, testDate, patientID) values (8, 'magna ac consequat metus sapien ut nunc vestibulum ante ipsum primis in', 'Hepatitis Panel', '10/28/2023', 27);
insert into LabResults (testID, result, type, testDate, patientID) values (9, 'tristique fusce congue diam id ornare imperdiet sapien urna pretium', 'Blood Glucose', '3/23/2023', 14);
insert into LabResults (testID, result, type, testDate, patientID) values (10, 'at nibh in hac habitasse platea dictumst aliquam augue quam sollicitudin vitae consectetuer eget rutrum at', 'Tumor Markers (e.g.', '4/2/2023', 30);
insert into LabResults (testID, result, type, testDate, patientID) values (11, 'magna vestibulum aliquet ultrices erat tortor sollicitudin mi sit amet lobortis sapien sapien non mi integer ac neque', 'HIV Test', '4/3/2023', 46);
insert into LabResults (testID, result, type, testDate, patientID) values (12, 'nec molestie sed justo pellentesque viverra pede ac diam cras pellentesque volutpat dui maecenas tristique est et tempus semper est', 'Lipid Profile', '6/13/2023', 20);
insert into LabResults (testID, result, type, testDate, patientID) values (13, 'nisl nunc nisl duis bibendum felis sed interdum venenatis turpis enim blandit mi in porttitor', 'PSA)', '1/14/2023', 9);
insert into LabResults (testID, result, type, testDate, patientID) values (14, 'praesent id massa id nisl venenatis lacinia aenean sit amet justo morbi ut odio', 'TSH (Thyroid Stimulating Hormone)', '1/13/2023', 44);
insert into LabResults (testID, result, type, testDate, patientID) values (15, 'consectetuer eget rutrum at lorem integer tincidunt ante vel ipsum praesent blandit lacinia erat vestibulum', 'TSH (Thyroid Stimulating Hormone)', '1/19/2023', 25);
insert into LabResults (testID, result, type, testDate, patientID) values (16, 'orci vehicula condimentum curabitur in libero ut massa volutpat convallis morbi odio', 'Lipid Profile', '7/6/2023', 5);
insert into LabResults (testID, result, type, testDate, patientID) values (17, 'ridiculus mus vivamus vestibulum sagittis sapien cum sociis natoque penatibus et magnis dis parturient montes nascetur ridiculus mus', 'BUN (Blood Urea Nitrogen)', '8/18/2023', 10);
insert into LabResults (testID, result, type, testDate, patientID) values (18, 'metus aenean fermentum donec ut mauris eget massa tempor convallis nulla neque libero convallis eget', 'BUN (Blood Urea Nitrogen)', '11/28/2023', 46);
insert into LabResults (testID, result, type, testDate, patientID) values (19, 'in est risus auctor sed tristique in tempus sit amet sem fusce consequat nulla nisl nunc nisl duis bibendum felis', 'Blood Glucose', '10/23/2023', 57);
insert into LabResults (testID, result, type, testDate, patientID) values (20, 'quisque arcu libero rutrum ac lobortis vel dapibus at diam nam tristique tortor eu pede', 'Lipid Profile', '3/28/2023', 50);
insert into LabResults (testID, result, type, testDate, patientID) values (21, 'aliquet massa id lobortis convallis tortor risus dapibus augue vel accumsan', 'TSH (Thyroid Stimulating Hormone)', '10/25/2023', 6);
insert into LabResults (testID, result, type, testDate, patientID) values (22, 'curabitur gravida nisi at nibh in hac habitasse platea dictumst aliquam augue quam sollicitudin vitae', 'X-rays', '3/19/2023', 11);
insert into LabResults (testID, result, type, testDate, patientID) values (23, 'in faucibus orci luctus et ultrices posuere cubilia curae donec pharetra magna vestibulum aliquet ultrices erat tortor', 'HIV Test', '6/3/2023', 1);
insert into LabResults (testID, result, type, testDate, patientID) values (24, 'tristique in tempus sit amet sem fusce consequat nulla nisl nunc nisl duis bibendum', 'Complete Blood Count (CBC)', '7/11/2023', 2);
insert into LabResults (testID, result, type, testDate, patientID) values (25, 'quis augue luctus tincidunt nulla mollis molestie lorem quisque ut erat curabitur gravida nisi at nibh in hac', 'Metabolic Panel', '3/9/2023', 20);
insert into LabResults (testID, result, type, testDate, patientID) values (26, 'vitae nisl aenean lectus pellentesque eget nunc donec quis orci eget orci vehicula condimentum curabitur', 'Hepatitis Panel', '11/9/2023', 1);
insert into LabResults (testID, result, type, testDate, patientID) values (27, 'cubilia curae duis faucibus accumsan odio curabitur convallis duis consequat dui nec nisi volutpat', 'BUN (Blood Urea Nitrogen)', '5/6/2023', 25);
insert into LabResults (testID, result, type, testDate, patientID) values (28, 'sit amet sapien dignissim vestibulum vestibulum ante ipsum primis in faucibus orci luctus et ultrices posuere cubilia curae nulla dapibus', 'Urinalysis', '12/16/2022', 51);
insert into LabResults (testID, result, type, testDate, patientID) values (29, 'vulputate ut ultrices vel augue vestibulum ante ipsum primis in faucibus orci luctus et ultrices posuere cubilia curae', 'Creatinine Levels', '5/3/2023', 13);
insert into LabResults (testID, result, type, testDate, patientID) values (30, 'cras pellentesque volutpat dui maecenas tristique est et tempus semper est quam pharetra magna', 'Complete Blood Count (CBC)', '1/25/2023', 8);
insert into LabResults (testID, result, type, testDate, patientID) values (31, 'orci luctus et ultrices posuere cubilia curae donec pharetra magna vestibulum aliquet ultrices erat tortor sollicitudin', 'PSA)', '5/7/2023', 35);
insert into LabResults (testID, result, type, testDate, patientID) values (32, 'quam pede lobortis ligula sit amet eleifend pede libero quis orci nullam molestie nibh in', 'Metabolic Panel', '11/1/2023', 48);
insert into LabResults (testID, result, type, testDate, patientID) values (33, 'arcu adipiscing molestie hendrerit at vulputate vitae nisl aenean lectus pellentesque eget nunc donec quis orci eget orci vehicula', 'HIV Test', '8/21/2023', 26);
insert into LabResults (testID, result, type, testDate, patientID) values (34, 'nulla pede ullamcorper augue a suscipit nulla elit ac nulla sed vel enim sit amet nunc viverra dapibus nulla suscipit', 'Hepatitis Panel', '7/24/2023', 40);
insert into LabResults (testID, result, type, testDate, patientID) values (35, 'morbi quis tortor id nulla ultrices aliquet maecenas leo odio condimentum id luctus nec molestie', 'Hepatitis Panel', '12/20/2022', 57);
insert into LabResults (testID, result, type, testDate, patientID) values (36, 'integer ac neque duis bibendum morbi non quam nec dui luctus rutrum nulla tellus in sagittis dui vel nisl duis', 'X-rays', '9/24/2023', 21);
insert into LabResults (testID, result, type, testDate, patientID) values (37, 'vel augue vestibulum ante ipsum primis in faucibus orci luctus', 'X-rays', '9/16/2023', 19);
insert into LabResults (testID, result, type, testDate, patientID) values (38, 'in eleifend quam a odio in hac habitasse platea dictumst maecenas ut', 'Metabolic Panel', '1/25/2023', 37);
insert into LabResults (testID, result, type, testDate, patientID) values (39, 'nam dui proin leo odio porttitor id consequat in consequat ut nulla sed', 'PSA)', '2/11/2023', 32);
insert into LabResults (testID, result, type, testDate, patientID) values (40, 'gravida nisi at nibh in hac habitasse platea dictumst aliquam augue quam sollicitudin vitae consectetuer eget rutrum at lorem', 'Lipid Profile', '1/18/2023', 25);
insert into LabResults (testID, result, type, testDate, patientID) values (41, 'non pretium quis lectus suspendisse potenti in eleifend quam a', 'ECG or EKG (Electrocardiogram)', '10/6/2023', 45);
insert into LabResults (testID, result, type, testDate, patientID) values (42, 'morbi porttitor lorem id ligula suspendisse ornare consequat lectus in', 'BUN (Blood Urea Nitrogen)', '4/12/2023', 19);
insert into LabResults (testID, result, type, testDate, patientID) values (43, 'imperdiet nullam orci pede venenatis non sodales sed tincidunt eu felis fusce posuere felis', 'X-rays', '9/6/2023', 32);
insert into LabResults (testID, result, type, testDate, patientID) values (44, 'morbi vestibulum velit id pretium iaculis diam erat fermentum justo nec condimentum neque sapien placerat ante nulla justo aliquam quis', 'ECG or EKG (Electrocardiogram)', '8/20/2023', 57);
insert into LabResults (testID, result, type, testDate, patientID) values (45, 'nulla suspendisse potenti cras in purus eu magna vulputate luctus cum sociis natoque penatibus et magnis dis parturient', 'TSH (Thyroid Stimulating Hormone)', '7/28/2023', 50);
insert into LabResults (testID, result, type, testDate, patientID) values (46, 'est quam pharetra magna ac consequat metus sapien ut nunc vestibulum', 'TSH (Thyroid Stimulating Hormone)', '9/28/2023', 8);
insert into LabResults (testID, result, type, testDate, patientID) values (47, 'eleifend pede libero quis orci nullam molestie nibh in lectus pellentesque at nulla suspendisse potenti cras in purus', 'Lipid Profile', '10/31/2023', 21);
insert into LabResults (testID, result, type, testDate, patientID) values (48, 'laoreet ut rhoncus aliquet pulvinar sed nisl nunc rhoncus dui vel sem sed sagittis nam congue risus semper', 'Urinalysis', '9/24/2023', 5);
insert into LabResults (testID, result, type, testDate, patientID) values (49, 'orci vehicula condimentum curabitur in libero ut massa volutpat convallis morbi odio', 'Lipid Profile', '2/6/2023', 7);
insert into LabResults (testID, result, type, testDate, patientID) values (50, 'a odio in hac habitasse platea dictumst maecenas ut massa quis augue luctus tincidunt nulla mollis molestie lorem quisque', 'Creatinine Levels', '5/11/2023', 23);
insert into LabResults (testID, result, type, testDate, patientID) values (51, 'amet erat nulla tempus vivamus in felis eu sapien cursus vestibulum proin eu mi nulla ac enim in tempor', 'Hepatitis Panel', '1/20/2023', 39);
insert into LabResults (testID, result, type, testDate, patientID) values (52, 'nibh quisque id justo sit amet sapien dignissim vestibulum vestibulum ante ipsum primis in faucibus orci luctus et ultrices posuere', 'TSH (Thyroid Stimulating Hormone)', '12/23/2022', 2);
insert into LabResults (testID, result, type, testDate, patientID) values (53, 'faucibus orci luctus et ultrices posuere cubilia curae donec pharetra magna vestibulum aliquet ultrices erat', 'Blood Glucose', '4/18/2023', 35);
insert into LabResults (testID, result, type, testDate, patientID) values (54, 'pede posuere nonummy integer non velit donec diam neque vestibulum eget vulputate ut ultrices vel', 'BUN (Blood Urea Nitrogen)', '11/27/2023', 15);
insert into LabResults (testID, result, type, testDate, patientID) values (55, 'parturient montes nascetur ridiculus mus vivamus vestibulum sagittis sapien cum sociis natoque penatibus', 'Lipid Profile', '5/18/2023', 59);
insert into LabResults (testID, result, type, testDate, patientID) values (56, 'at velit eu est congue elementum in hac habitasse platea dictumst morbi vestibulum velit id pretium iaculis diam erat', 'BUN (Blood Urea Nitrogen)', '5/19/2023', 25);
insert into LabResults (testID, result, type, testDate, patientID) values (57, 'condimentum neque sapien placerat ante nulla justo aliquam quis turpis eget elit', 'Creatinine Levels', '4/21/2023', 8);
insert into LabResults (testID, result, type, testDate, patientID) values (58, 'cursus id turpis integer aliquet massa id lobortis convallis tortor', 'BUN (Blood Urea Nitrogen)', '8/18/2023', 1);
insert into LabResults (testID, result, type, testDate, patientID) values (59, 'erat volutpat in congue etiam justo etiam pretium iaculis justo in hac habitasse platea dictumst etiam', 'Complete Blood Count (CBC)', '10/11/2023', 12);
insert into LabResults (testID, result, type, testDate, patientID) values (60, 'arcu sed augue aliquam erat volutpat in congue etiam justo etiam pretium iaculis justo in hac habitasse', 'X-rays', '12/25/2022', 47);

-- Prescriptions
-- may have to change dates 
insert into Prescriptions (scriptid, type, visitid, testid, patientid, resultdate, company, doctorid, status, dateprescribed, pharmacy, medication, duration, inactive) values (1, 'eget tincidunt eget', 8, 52, 47, '2023-04-23', 'ut', 4, 'pellentesque', '2023-06-25', 'Waters and Sons', 'Octinoxate and Titanium Dioxide', 12, 0);
insert into Prescriptions (scriptid, type, visitid, testid, patientid, resultdate, company, doctorid, status, dateprescribed, pharmacy, medication, duration, inactive) values (2, 'dictumst etiam', 9, 1, 43, '2023-10-20', 'dictumst', 20, 'integer', '2023-01-10', 'Morissette-Emmerich', 'Warfarin Sodium', 78, 1);
insert into Prescriptions (scriptid, type, visitid, testid, patientid, resultdate, company, doctorid, status, dateprescribed, pharmacy, medication, duration, inactive) values (3, 'convallis', 56, 40, 23, '2023-06-18', 'aliquet', 4, 'mattis', '2023-11-07', 'Sauer-Friesen', 'venlafaxine hydrochloride', 17, 1);
insert into Prescriptions (scriptid, type, visitid, testid, patientid, resultdate, company, doctorid, status, dateprescribed, pharmacy, medication, duration, inactive) values (4, 'nulla', 16, 35, 8, '2023-10-29', 'leo', 32, 'praesent', '2023-04-29', 'Carroll, Murray and Grimes', 'OCTINOXATE, TITANIUM DIOXIDE, and ZINC OXIDE', 57, 1);
insert into Prescriptions (scriptid, type, visitid, testid, patientid, resultdate, company, doctorid, status, dateprescribed, pharmacy, medication, duration, inactive) values (5, 'cursus id turpis', 9, 14, 46, '2023-11-30', 'pellentesque', 13, 'nonummy', '2023-01-26', 'Hodkiewicz, Bergnaum and Cormier', 'Sunscreen', 16, 0);
insert into Prescriptions (scriptid, type, visitid, testid, patientid, resultdate, company, doctorid, status, dateprescribed, pharmacy, medication, duration, inactive) values (6, 'pede morbi', 29, 45, 27, '2023-04-16', 'quis', 28, 'ut', '2023-07-24', 'Walsh and Sons', 'Ketorolac Tromethamine', 29, 1);
insert into Prescriptions (scriptid, type, visitid, testid, patientid, resultdate, company, doctorid, status, dateprescribed, pharmacy, medication, duration, inactive) values (7, 'eleifend quam', 56, 3, 23, '2023-07-24', 'lorem', 27, 'pellentesque', '2023-06-02', 'Sipes, Johns and Herman', 'chlorhexidine gluconate', 11, 0);
insert into Prescriptions (scriptid, type, visitid, testid, patientid, resultdate, company, doctorid, status, dateprescribed, pharmacy, medication, duration, inactive) values (8, 'consequat ut', 17, 5, 23, '2023-08-06', 'congue', 37, 'aliquam', '2023-07-06', 'Halvorson and Sons', 'METOPROLOL SUCCINATE', 52, 0);
insert into Prescriptions (scriptid, type, visitid, testid, patientid, resultdate, company, doctorid, status, dateprescribed, pharmacy, medication, duration, inactive) values (9, 'risus praesent lectus', 15, 35, 33, '2023-06-11', 'faucibus', 40, 'posuere', '2023-05-28', 'Green-Funk', 'Titanium Dioxide', 10, 1);
insert into Prescriptions (scriptid, type, visitid, testid, patientid, resultdate, company, doctorid, status, dateprescribed, pharmacy, medication, duration, inactive) values (10, 'ipsum', 27, 11, 38, '2023-05-18', 'ut', 33, 'lacinia', '2023-04-24', 'Mitchell and Sons', 'Diphenhydramine HCL, Zinc Acetate', 73, 0);
insert into Prescriptions (scriptid, type, visitid, testid, patientid, resultdate, company, doctorid, status, dateprescribed, pharmacy, medication, duration, inactive) values (11, 'a', 40, 14, 48, '2023-06-05', 'molestie', 28, 'pellentesque', '2023-05-29', 'Predovic, Champlin and Sipes', 'pioglitazone hydrochloride', 14, 0);
insert into Prescriptions (scriptid, type, visitid, testid, patientid, resultdate, company, doctorid, status, dateprescribed, pharmacy, medication, duration, inactive) values (12, 'suspendisse potenti', 10, 59, 34, '2023-06-05', 'pretium', 5, 'et', '2023-10-01', 'Ritchie, Terry and Crooks', 'Triclosan', 33, 0);
insert into Prescriptions (scriptid, type, visitid, testid, patientid, resultdate, company, doctorid, status, dateprescribed, pharmacy, medication, duration, inactive) values (13, 'mattis odio donec', 38, 58, 2, '2023-03-24', 'suspendisse', 32, 'ultrices', '2023-06-09', 'Schowalter-Mann', 'oxymetazoline hydrochloride', 76, 0);
insert into Prescriptions (scriptid, type, visitid, testid, patientid, resultdate, company, doctorid, status, dateprescribed, pharmacy, medication, duration, inactive) values (14, 'sed sagittis', 2, 52, 52, '2023-05-14', 'quisque', 28, 'praesent', '2023-03-13', 'Jaskolski, Boyle and Krajcik', 'OXYCODONE HYDROCHLORIDE', 49, 0);
insert into Prescriptions (scriptid, type, visitid, testid, patientid, resultdate, company, doctorid, status, dateprescribed, pharmacy, medication, duration, inactive) values (15, 'metus arcu adipiscing', 57, 42, 8, '2023-07-08', 'dolor', 23, 'aliquam', '2023-05-31', 'Hegmann-Kirlin', 'Loperamide Hydrochloride', 68, 0);
insert into Prescriptions (scriptid, type, visitid, testid, patientid, resultdate, company, doctorid, status, dateprescribed, pharmacy, medication, duration, inactive) values (16, 'tortor', 51, 51, 17, '2023-05-16', 'quis', 17, 'lobortis', '2023-01-13', 'Nienow, Gulgowski and Conroy', 'fluticasone propionate', 23, 0);
insert into Prescriptions (scriptid, type, visitid, testid, patientid, resultdate, company, doctorid, status, dateprescribed, pharmacy, medication, duration, inactive) values (17, 'ut', 2, 44, 56, '2023-07-31', 'fusce', 34, 'semper', '2023-04-26', 'Metz Inc', 'Alprazolam', 85, 0);
insert into Prescriptions (scriptid, type, visitid, testid, patientid, resultdate, company, doctorid, status, dateprescribed, pharmacy, medication, duration, inactive) values (18, 'erat id mauris', 34, 51, 25, '2022-12-17', 'id', 33, 'nonummy', '2023-04-20', 'Harvey Inc', 'Acetaminophen, Dextromethorphan Hydrobromide, Phenylephrine Hydrochloride', 42, 0);
insert into Prescriptions (scriptid, type, visitid, testid, patientid, resultdate, company, doctorid, status, dateprescribed, pharmacy, medication, duration, inactive) values (19, 'tempus', 47, 18, 32, '2023-05-27', 'penatibus', 19, 'imperdiet', '2023-04-17', 'Sawayn-Lueilwitz', 'HYDROCODONE BITARTRATE, ACETAMINOPHEN', 26, 1);
insert into Prescriptions (scriptid, type, visitid, testid, patientid, resultdate, company, doctorid, status, dateprescribed, pharmacy, medication, duration, inactive) values (20, 'amet', 29, 17, 53, '2023-10-02', 'ac', 50, 'convallis', '2023-06-15', 'Tillman and Sons', 'Avobenzone, Homosalate, Octinoxate, Octisalate, Octocrylene,Oxybenzone', 70, 1);
insert into Prescriptions (scriptid, type, visitid, testid, patientid, resultdate, company, doctorid, status, dateprescribed, pharmacy, medication, duration, inactive) values (21, 'vivamus in felis', 24, 32, 49, '2023-07-25', 'pede', 7, 'nulla', '2023-03-10', 'Jacobson, Weissnat and Schmitt', 'Prazosin Hydrochloride', 39, 1);
insert into Prescriptions (scriptid, type, visitid, testid, patientid, resultdate, company, doctorid, status, dateprescribed, pharmacy, medication, duration, inactive) values (22, 'non', 17, 5, 40, '2023-05-08', 'justo', 17, 'convallis', '2023-03-27', 'Nienow, Kiehn and Stanton', 'Ethyl Alcohol', 22, 0);
insert into Prescriptions (scriptid, type, visitid, testid, patientid, resultdate, company, doctorid, status, dateprescribed, pharmacy, medication, duration, inactive) values (23, 'sapien', 15, 59, 43, '2023-05-18', 'justo', 41, 'lorem', '2023-05-04', 'Blanda, Brown and McGlynn', 'BENZALKONIUM CHLORIDE, LIDOCAINE, BACITRACIN ZINC, NEOMYCIN SULFATE, POLYMYXIN B SULFATE, WATER, ISOPROPYL ALCOHOL, BENZOCAINE, ASPIRIN, ETHYL ALCOHOL', 86, 1);
insert into Prescriptions (scriptid, type, visitid, testid, patientid, resultdate, company, doctorid, status, dateprescribed, pharmacy, medication, duration, inactive) values (24, 'augue', 14, 47, 56, '2023-03-14', 'ultricies', 60, 'rutrum', '2023-03-29', 'Cremin, Williamson and Schoen', 'Divalproex Sodium', 48, 0);
insert into Prescriptions (scriptid, type, visitid, testid, patientid, resultdate, company, doctorid, status, dateprescribed, pharmacy, medication, duration, inactive) values (25, 'quis orci eget', 18, 32, 41, '2023-09-14', 'sit', 10, 'enim', '2023-01-16', 'Kuhn, Crooks and Abbott', 'Digoxin', 2, 0);
insert into Prescriptions (scriptid, type, visitid, testid, patientid, resultdate, company, doctorid, status, dateprescribed, pharmacy, medication, duration, inactive) values (26, 'quis tortor', 19, 13, 39, '2023-01-13', 'ac', 29, 'elementum', '2023-09-02', 'Ruecker Inc', 'NITROUS OXIDE', 36, 1);
insert into Prescriptions (scriptid, type, visitid, testid, patientid, resultdate, company, doctorid, status, dateprescribed, pharmacy, medication, duration, inactive) values (27, 'cras non velit', 15, 38, 58, '2023-09-09', 'pede', 2, 'nascetur', '2023-08-07', 'Roob Group', 'OCTINOXATE OXYBENZONE', 13, 0);
insert into Prescriptions (scriptid, type, visitid, testid, patientid, resultdate, company, doctorid, status, dateprescribed, pharmacy, medication, duration, inactive) values (28, 'nascetur ridiculus', 4, 30, 29, '2023-11-18', 'id', 58, 'lorem', '2023-11-15', 'Bednar, Miller and Stokes', 'TITANIUM DIOXIDE', 78, 0);
insert into Prescriptions (scriptid, type, visitid, testid, patientid, resultdate, company, doctorid, status, dateprescribed, pharmacy, medication, duration, inactive) values (29, 'porttitor id consequat', 21, 5, 42, '2023-08-17', 'diam', 38, 'sed', '2023-03-26', 'West-Krajcik', 'HYDROCODONE BITARTRATE', 70, 0);
insert into Prescriptions (scriptid, type, visitid, testid, patientid, resultdate, company, doctorid, status, dateprescribed, pharmacy, medication, duration, inactive) values (30, 'morbi quis tortor', 43, 57, 51, '2023-02-17', 'ipsum', 42, 'ipsum', '2023-04-18', 'Becker Group', 'adenosine', 86, 1);
insert into Prescriptions (scriptid, type, visitid, testid, patientid, resultdate, company, doctorid, status, dateprescribed, pharmacy, medication, duration, inactive) values (31, 'vestibulum proin', 25, 52, 5, '2023-09-26', 'tincidunt', 37, 'luctus', '2023-06-19', 'Dibbert, Strosin and Swift', 'memantine hydrochloride', 7, 1);
insert into Prescriptions (scriptid, type, visitid, testid, patientid, resultdate, company, doctorid, status, dateprescribed, pharmacy, medication, duration, inactive) values (32, 'luctus', 10, 8, 9, '2023-07-19', 'sapien', 58, 'lobortis', '2022-12-24', 'Erdman-Heidenreich', 'Alcohol', 89, 0);
insert into Prescriptions (scriptid, type, visitid, testid, patientid, resultdate, company, doctorid, status, dateprescribed, pharmacy, medication, duration, inactive) values (33, 'diam', 43, 2, 50, '2023-03-26', 'in', 6, 'tincidunt', '2023-02-23', 'Kunze-Marks', 'Gemcitabine hydrochloride', 52, 1);
insert into Prescriptions (scriptid, type, visitid, testid, patientid, resultdate, company, doctorid, status, dateprescribed, pharmacy, medication, duration, inactive) values (34, 'ultrices', 32, 40, 4, '2023-10-09', 'fusce', 22, 'ultrices', '2023-06-25', 'Goyette-Bednar', 'DEXTROMETHORPHAN HYDROBROMIDE, CHLORPHENIRAMINE MALEATE, and PHENYLEPHRINE HYDROCHLORIDE', 89, 0);
insert into Prescriptions (scriptid, type, visitid, testid, patientid, resultdate, company, doctorid, status, dateprescribed, pharmacy, medication, duration, inactive) values (35, 'donec', 53, 12, 30, '2023-03-18', 'bibendum', 30, 'leo', '2023-08-21', 'Erdman LLC', 'Octinoxate and Titanium Dioxide', 37, 1);
insert into Prescriptions (scriptid, type, visitid, testid, patientid, resultdate, company, doctorid, status, dateprescribed, pharmacy, medication, duration, inactive) values (36, 'fermentum', 54, 37, 5, '2023-04-09', 'turpis', 23, 'ac', '2022-12-07', 'Ritchie, Rippin and Renner', 'BENZALKONIUM CHLORIDE, LIDOCAINE, BACITRACIN ZINC, NEOMYCIN SULFATE, POLYMYXIN B SULFATEBACITRACIN ZINC, NEOMYCIN SULFATE, POLYMYXIN B SULFATE, WATER, ISOPROPYL ALCOHOL,BENZOCAINE,ALCOHOL, ASPIRIN', 47, 0);
insert into Prescriptions (scriptid, type, visitid, testid, patientid, resultdate, company, doctorid, status, dateprescribed, pharmacy, medication, duration, inactive) values (37, 'amet consectetuer', 7, 26, 16, '2023-07-27', 'quisque', 12, 'id', '2023-07-07', 'Batz-Sauer', 'Naproxen Sodium', 68, 0);
insert into Prescriptions (scriptid, type, visitid, testid, patientid, resultdate, company, doctorid, status, dateprescribed, pharmacy, medication, duration, inactive) values (38, 'nunc proin at', 24, 6, 56, '2023-03-07', 'dui', 48, 'feugiat', '2023-11-08', 'Kozey, Brakus and Rutherford', 'hydroxyzine pamoate', 28, 0);
insert into Prescriptions (scriptid, type, visitid, testid, patientid, resultdate, company, doctorid, status, dateprescribed, pharmacy, medication, duration, inactive) values (39, 'ultrices', 9, 9, 51, '2023-04-30', 'est', 27, 'consequat', '2023-04-19', 'Schneider, Bergnaum and Hettinger', 'Avobenzone, Homosalate, Octisalate, Octocrylene, and Oxybenzone', 48, 0);
insert into Prescriptions (scriptid, type, visitid, testid, patientid, resultdate, company, doctorid, status, dateprescribed, pharmacy, medication, duration, inactive) values (40, 'consectetuer', 5, 30, 25, '2023-11-05', 'hendrerit', 60, 'at', '2023-10-28', 'Jakubowski-Sanford', 'Tolnaftate', 20, 0);
insert into Prescriptions (scriptid, type, visitid, testid, patientid, resultdate, company, doctorid, status, dateprescribed, pharmacy, medication, duration, inactive) values (41, 'viverra pede', 43, 40, 23, '2023-06-26', 'vel', 19, 'cras', '2023-04-22', 'Oberbrunner, Barton and Hilpert', 'Echinacea, Phytolacca Decandra, Collinsonia Canadensis, Kali Iodatum, Pinus Sylvestris, Pix Liquida, Ferrum Phosphoricum', 34, 1);
insert into Prescriptions (scriptid, type, visitid, testid, patientid, resultdate, company, doctorid, status, dateprescribed, pharmacy, medication, duration, inactive) values (42, 'justo aliquam quis', 22, 51, 28, '2023-10-05', 'massa', 18, 'ullamcorper', '2023-08-04', 'Okuneva Inc', 'Levothyroxine Sodium', 84, 0);
insert into Prescriptions (scriptid, type, visitid, testid, patientid, resultdate, company, doctorid, status, dateprescribed, pharmacy, medication, duration, inactive) values (43, 'elementum eu interdum', 13, 47, 56, '2023-09-22', 'pede', 32, 'sem', '2023-03-16', 'Sporer, Cormier and White', 'Tragacanth Gum', 80, 1);
insert into Prescriptions (scriptid, type, visitid, testid, patientid, resultdate, company, doctorid, status, dateprescribed, pharmacy, medication, duration, inactive) values (44, 'vivamus in felis', 9, 50, 39, '2023-03-01', 'id', 7, 'sollicitudin', '2023-11-11', 'Pouros Group', 'Lamotrigine', 36, 1);
insert into Prescriptions (scriptid, type, visitid, testid, patientid, resultdate, company, doctorid, status, dateprescribed, pharmacy, medication, duration, inactive) values (45, 'dui maecenas tristique', 8, 52, 9, '2023-08-17', 'tempus', 44, 'eleifend', '2023-05-19', 'Jerde, Emmerich and Mraz', 'Erythromycin Ethylsuccinate', 62, 1);
insert into Prescriptions (scriptid, type, visitid, testid, patientid, resultdate, company, doctorid, status, dateprescribed, pharmacy, medication, duration, inactive) values (46, 'sagittis', 25, 40, 16, '2023-10-17', 'libero', 36, 'gravida', '2023-05-26', 'Schneider-Sawayn', 'Acetaminophen', 24, 1);
insert into Prescriptions (scriptid, type, visitid, testid, patientid, resultdate, company, doctorid, status, dateprescribed, pharmacy, medication, duration, inactive) values (47, 'consequat', 16, 60, 19, '2023-07-31', 'mi', 39, 'erat', '2023-02-05', 'DuBuque-Hermiston', 'Sugar Beet Pollen', 42, 0);
insert into Prescriptions (scriptid, type, visitid, testid, patientid, resultdate, company, doctorid, status, dateprescribed, pharmacy, medication, duration, inactive) values (48, 'suscipit ligula', 44, 60, 40, '2023-05-04', 'curae', 55, 'vivamus', '2023-03-17', 'McGlynn-Rowe', 'hydralazine hydrochloride', 51, 0);
insert into Prescriptions (scriptid, type, visitid, testid, patientid, resultdate, company, doctorid, status, dateprescribed, pharmacy, medication, duration, inactive) values (49, 'quam', 50, 8, 33, '2023-03-03', 'praesent', 2, 'vitae', '2023-07-05', 'Ryan and Sons', 'ziprasidone hydrochloride', 44, 1);
insert into Prescriptions (scriptid, type, visitid, testid, patientid, resultdate, company, doctorid, status, dateprescribed, pharmacy, medication, duration, inactive) values (50, 'sed', 21, 34, 29, '2023-11-08', 'mattis', 52, 'convallis', '2023-07-26', 'Reichel Inc', 'Ibuprofen', 46, 0);
insert into Prescriptions (scriptid, type, visitid, testid, patientid, resultdate, company, doctorid, status, dateprescribed, pharmacy, medication, duration, inactive) values (51, 'cursus vestibulum', 53, 30, 37, '2023-10-04', 'varius', 28, 'nullam', '2023-07-17', 'Christiansen, Marks and Kirlin', 'TRICLOSAN', 41, 0);
insert into Prescriptions (scriptid, type, visitid, testid, patientid, resultdate, company, doctorid, status, dateprescribed, pharmacy, medication, duration, inactive) values (52, 'consectetuer eget', 43, 26, 54, '2022-12-12', 'eget', 59, 'et', '2023-06-02', 'Pacocha Inc', 'Carbamide Peroxide', 10, 0);
insert into Prescriptions (scriptid, type, visitid, testid, patientid, resultdate, company, doctorid, status, dateprescribed, pharmacy, medication, duration, inactive) values (53, 'pede posuere', 57, 52, 50, '2023-06-27', 'nulla', 27, 'dolor', '2023-09-20', 'Buckridge Group', 'Levocarnitine', 35, 1);
insert into Prescriptions (scriptid, type, visitid, testid, patientid, resultdate, company, doctorid, status, dateprescribed, pharmacy, medication, duration, inactive) values (54, 'vulputate elementum nullam', 42, 57, 4, '2023-09-14', 'pretium', 46, 'augue', '2023-05-22', 'Ledner-McLaughlin', 'Minoxidil', 52, 1);
insert into Prescriptions (scriptid, type, visitid, testid, patientid, resultdate, company, doctorid, status, dateprescribed, pharmacy, medication, duration, inactive) values (55, 'odio odio elementum', 51, 11, 54, '2023-03-06', 'lectus', 6, 'et', '2023-02-03', 'Stamm LLC', 'STEMPHYLIUM SOLANI', 32, 1);
insert into Prescriptions (scriptid, type, visitid, testid, patientid, resultdate, company, doctorid, status, dateprescribed, pharmacy, medication, duration, inactive) values (56, 'cras in', 24, 49, 23, '2023-10-01', 'porttitor', 27, 'porttitor', '2022-12-29', 'Schuppe Inc', 'Acetaminophen, Aspirin, Caffeine', 14, 0);
insert into Prescriptions (scriptid, type, visitid, testid, patientid, resultdate, company, doctorid, status, dateprescribed, pharmacy, medication, duration, inactive) values (57, 'sit', 32, 22, 39, '2023-01-18', 'et', 44, 'faucibus', '2023-08-04', 'Murazik-Herman', 'Aspirin', 5, 0);
insert into Prescriptions (scriptid, type, visitid, testid, patientid, resultdate, company, doctorid, status, dateprescribed, pharmacy, medication, duration, inactive) values (58, 'orci', 31, 36, 47, '2023-02-11', 'metus', 19, 'donec', '2023-06-26', 'Hartmann-Kirlin', 'cucumber', 29, 0);
insert into Prescriptions (scriptid, type, visitid, testid, patientid, resultdate, company, doctorid, status, dateprescribed, pharmacy, medication, duration, inactive) values (59, 'amet justo', 9, 4, 18, '2023-03-24', 'elementum', 15, 'felis', '2023-11-22', 'Romaguera-Nicolas', 'norethindrone acetate and ethinyl estradiol, ethinyl estradiol and ferrous fumarate', 64, 0);
insert into Prescriptions (scriptid, type, visitid, testid, patientid, resultdate, company, doctorid, status, dateprescribed, pharmacy, medication, duration, inactive) values (60, 'sit amet', 24, 57, 6, '2023-05-21', 'in', 3, 'nulla', '2022-12-12', 'Cummerata Group', 'OCTINOXATE, TITANIUM DIOXIDE, OXYBENZONE', 1, 1);

-- Message
insert into Message (comid, datesent, subject, content, patientid, doctorid, coachid, repid, deleted) values (1, '2023-12-04', 'interdum venenatis turpis', 'Morbi vel lectus in quam fringilla rhoncus. Mauris enim leo, rhoncus sed, vestibulum sit amet, cursus id, turpis.', 12, 20, 20, 55, 0);
insert into Message (comid, datesent, subject, content, patientid, doctorid, coachid, repid, deleted) values (2, '2023-12-04', 'erat id mauris vulputate elementum', 'Suspendisse potenti.', 24, 54, 33, 4, 1);
insert into Message (comid, datesent, subject, content, patientid, doctorid, coachid, repid, deleted) values (3, '2023-12-04', 'tristique est et', 'Aenean fermentum. Donec ut mauris eget massa tempor convallis.', 45, 58, 32, 12, 1);
insert into Message (comid, datesent, subject, content, patientid, doctorid, coachid, repid, deleted) values (4, '2023-12-04', 'blandit non', 'Nulla tellus.', 5, 15, 35, 51, 0);
insert into Message (comid, datesent, subject, content, patientid, doctorid, coachid, repid, deleted) values (5, '2023-12-04', 'viverra pede ac', 'Duis consequat dui nec nisi volutpat eleifend. Donec ut dolor.', 32, 49, 30, 36, 1);
insert into Message (comid, datesent, subject, content, patientid, doctorid, coachid, repid, deleted) values (6, '2023-12-04', 'aliquam non mauris morbi non', 'Nullam porttitor lacus at turpis.', 4, 28, 28, 19, 1);
insert into Message (comid, datesent, subject, content, patientid, doctorid, coachid, repid, deleted) values (7, '2023-12-04', 'augue vestibulum rutrum rutrum neque', 'Maecenas ut massa quis augue luctus tincidunt. Nulla mollis molestie lorem.', 26, 25, 27, 5, 0);
insert into Message (comid, datesent, subject, content, patientid, doctorid, coachid, repid, deleted) values (8, '2023-12-04', 'arcu', 'Duis at velit eu est congue elementum. In hac habitasse platea dictumst.', 44, 20, 34, 60, 0);
insert into Message (comid, datesent, subject, content, patientid, doctorid, coachid, repid, deleted) values (9, '2023-12-04', 'vestibulum vestibulum ante ipsum primis', 'Proin at turpis a pede posuere nonummy. Integer non velit. Donec diam neque, vestibulum eget, vulputate ut, ultrices vel, augue.', 45, 6, 53, 46, 1);
insert into Message (comid, datesent, subject, content, patientid, doctorid, coachid, repid, deleted) values (10, '2023-12-04', 'proin leo', 'Integer ac leo. Pellentesque ultrices mattis odio. Donec vitae nisi.', 22, 44, 27, 41, 0);
insert into Message (comid, datesent, subject, content, patientid, doctorid, coachid, repid, deleted) values (11, '2023-12-04', 'quam sapien varius ut blandit', 'Nam ultrices, libero non mattis pulvinar, nulla pede ullamcorper augue, a suscipit nulla elit ac nulla.', 4, 30, 19, 10, 0);
insert into Message (comid, datesent, subject, content, patientid, doctorid, coachid, repid, deleted) values (12, '2023-12-04', 'primis', 'Vestibulum sed magna at nunc commodo placerat. Praesent blandit.', 53, 44, 53, 15, 1);
insert into Message (comid, datesent, subject, content, patientid, doctorid, coachid, repid, deleted) values (13, '2023-12-04', 'eros vestibulum ac est lacinia', 'Morbi sem mauris, laoreet ut, rhoncus aliquet, pulvinar sed, nisl.', 10, 35, 31, 26, 0);
insert into Message (comid, datesent, subject, content, patientid, doctorid, coachid, repid, deleted) values (14, '2023-12-04', 'sapien quis libero', 'Morbi non quam nec dui luctus rutrum.', 7, 6, 35, 20, 0);
insert into Message (comid, datesent, subject, content, patientid, doctorid, coachid, repid, deleted) values (15, '2023-12-04', 'phasellus sit amet erat nulla', 'Vestibulum ante ipsum primis in faucibus orci luctus et ultrices posuere cubilia Curae; Duis faucibus accumsan odio. Curabitur convallis.', 15, 48, 40, 51, 1);
insert into Message (comid, datesent, subject, content, patientid, doctorid, coachid, repid, deleted) values (16, '2023-12-04', 'cubilia curae', 'Morbi odio odio, elementum eu, interdum eu, tincidunt in, leo. Maecenas pulvinar lobortis est.', 12, 59, 56, 26, 0);
insert into Message (comid, datesent, subject, content, patientid, doctorid, coachid, repid, deleted) values (17, '2023-12-04', 'vulputate', 'In hac habitasse platea dictumst. Maecenas ut massa quis augue luctus tincidunt.', 10, 45, 43, 46, 0);
insert into Message (comid, datesent, subject, content, patientid, doctorid, coachid, repid, deleted) values (18, '2023-12-04', 'porttitor lacus at turpis donec', 'Cras mi pede, malesuada in, imperdiet et, commodo vulputate, justo. In blandit ultrices enim.', 19, 4, 52, 30, 1);
insert into Message (comid, datesent, subject, content, patientid, doctorid, coachid, repid, deleted) values (19, '2023-12-04', 'id pretium iaculis', 'Duis ac nibh. Fusce lacus purus, aliquet at, feugiat non, pretium quis, lectus. Suspendisse potenti.', 39, 39, 27, 28, 0);
insert into Message (comid, datesent, subject, content, patientid, doctorid, coachid, repid, deleted) values (20, '2023-12-04', 'nam congue', 'In hac habitasse platea dictumst. Etiam faucibus cursus urna. Ut tellus.', 48, 7, 16, 24, 1);
insert into Message (comid, datesent, subject, content, patientid, doctorid, coachid, repid, deleted) values (21, '2023-12-04', 'lacus curabitur at', 'Nam dui. Proin leo odio, porttitor id, consequat in, consequat ut, nulla.', 16, 50, 37, 18, 0);
insert into Message (comid, datesent, subject, content, patientid, doctorid, coachid, repid, deleted) values (22, '2023-12-04', 'eros vestibulum ac est lacinia', 'Vivamus vel nulla eget eros elementum pellentesque.', 58, 26, 6, 49, 0);
insert into Message (comid, datesent, subject, content, patientid, doctorid, coachid, repid, deleted) values (23, '2023-12-04', 'et ultrices posuere cubilia', 'Fusce congue, diam id ornare imperdiet, sapien urna pretium nisl, ut volutpat sapien arcu sed augue.', 33, 58, 28, 22, 0);
insert into Message (comid, datesent, subject, content, patientid, doctorid, coachid, repid, deleted) values (24, '2023-12-04', 'quisque ut', 'Maecenas pulvinar lobortis est. Phasellus sit amet erat.', 7, 30, 2, 51, 0);
insert into Message (comid, datesent, subject, content, patientid, doctorid, coachid, repid, deleted) values (25, '2023-12-04', 'at vulputate', 'Nulla ac enim.', 53, 23, 10, 2, 1);
insert into Message (comid, datesent, subject, content, patientid, doctorid, coachid, repid, deleted) values (26, '2023-12-04', 'aenean sit amet justo', 'Duis bibendum, felis sed interdum venenatis, turpis enim blandit mi, in porttitor pede justo eu massa. Donec dapibus.', 6, 2, 52, 43, 1);
insert into Message (comid, datesent, subject, content, patientid, doctorid, coachid, repid, deleted) values (27, '2023-12-04', 'rutrum rutrum neque aenean auctor', 'Sed ante.', 42, 20, 5, 21, 1);
insert into Message (comid, datesent, subject, content, patientid, doctorid, coachid, repid, deleted) values (28, '2023-12-04', 'mauris', 'Donec diam neque, vestibulum eget, vulputate ut, ultrices vel, augue. Vestibulum ante ipsum primis in faucibus orci luctus et ultrices posuere cubilia Curae; Donec pharetra, magna vestibulum aliquet ultrices, erat tortor sollicitudin mi, sit amet lobortis sapien sapien non mi.', 6, 23, 41, 4, 0);
insert into Message (comid, datesent, subject, content, patientid, doctorid, coachid, repid, deleted) values (29, '2023-12-04', 'ut erat curabitur gravida nisi', 'Donec semper sapien a libero.', 20, 40, 51, 51, 1);
insert into Message (comid, datesent, subject, content, patientid, doctorid, coachid, repid, deleted) values (30, '2023-12-04', 'justo', 'Mauris sit amet eros.', 20, 35, 58, 26, 0);
insert into Message (comid, datesent, subject, content, patientid, doctorid, coachid, repid, deleted) values (31, '2023-12-04', 'in quis justo maecenas', 'Aliquam sit amet diam in magna bibendum imperdiet.', 18, 43, 26, 17, 0);
insert into Message (comid, datesent, subject, content, patientid, doctorid, coachid, repid, deleted) values (32, '2023-12-04', 'in quis', 'Sed accumsan felis. Ut at dolor quis odio consequat varius. Integer ac leo.', 51, 43, 58, 59, 1);
insert into Message (comid, datesent, subject, content, patientid, doctorid, coachid, repid, deleted) values (33, '2023-12-04', 'consequat morbi a ipsum', 'Vivamus in felis eu sapien cursus vestibulum. Proin eu mi. Nulla ac enim.', 30, 38, 40, 12, 0);
insert into Message (comid, datesent, subject, content, patientid, doctorid, coachid, repid, deleted) values (34, '2023-12-04', 'lacinia aenean sit', 'In hac habitasse platea dictumst. Maecenas ut massa quis augue luctus tincidunt.', 7, 32, 11, 41, 0);
insert into Message (comid, datesent, subject, content, patientid, doctorid, coachid, repid, deleted) values (35, '2023-12-04', 'amet consectetuer adipiscing elit', 'Fusce congue, diam id ornare imperdiet, sapien urna pretium nisl, ut volutpat sapien arcu sed augue. Aliquam erat volutpat.', 25, 33, 6, 6, 0);
insert into Message (comid, datesent, subject, content, patientid, doctorid, coachid, repid, deleted) values (36, '2023-12-04', 'suscipit nulla elit ac nulla', 'Nullam molestie nibh in lectus.', 25, 48, 53, 58, 1);
insert into Message (comid, datesent, subject, content, patientid, doctorid, coachid, repid, deleted) values (37, '2023-12-04', 'tincidunt eu felis', 'Pellentesque viverra pede ac diam.', 22, 2, 1, 40, 0);
insert into Message (comid, datesent, subject, content, patientid, doctorid, coachid, repid, deleted) values (38, '2023-12-04', 'donec diam neque vestibulum eget', 'Morbi non quam nec dui luctus rutrum. Nulla tellus.', 21, 29, 37, 4, 0);
insert into Message (comid, datesent, subject, content, patientid, doctorid, coachid, repid, deleted) values (39, '2023-12-04', 'viverra eget congue', 'Lorem ipsum dolor sit amet, consectetuer adipiscing elit. Proin risus.', 57, 48, 52, 29, 1);
insert into Message (comid, datesent, subject, content, patientid, doctorid, coachid, repid, deleted) values (40, '2023-12-04', 'montes nascetur ridiculus', 'In sagittis dui vel nisl.', 45, 52, 16, 6, 0);
insert into Message (comid, datesent, subject, content, patientid, doctorid, coachid, repid, deleted) values (41, '2023-12-04', 'pellentesque ultrices mattis odio donec', 'Aenean lectus. Pellentesque eget nunc. Donec quis orci eget orci vehicula condimentum.', 38, 9, 40, 18, 1);
insert into Message (comid, datesent, subject, content, patientid, doctorid, coachid, repid, deleted) values (42, '2023-12-04', 'etiam vel', 'Sed ante. Vivamus tortor. Duis mattis egestas metus.', 42, 38, 44, 55, 1);
insert into Message (comid, datesent, subject, content, patientid, doctorid, coachid, repid, deleted) values (43, '2023-12-04', 'sed', 'Quisque ut erat. Curabitur gravida nisi at nibh.', 30, 44, 45, 24, 1);
insert into Message (comid, datesent, subject, content, patientid, doctorid, coachid, repid, deleted) values (44, '2023-12-04', 'mauris vulputate', 'Morbi odio odio, elementum eu, interdum eu, tincidunt in, leo. Maecenas pulvinar lobortis est. Phasellus sit amet erat.', 30, 17, 21, 29, 0);
insert into Message (comid, datesent, subject, content, patientid, doctorid, coachid, repid, deleted) values (45, '2023-12-04', 'lectus', 'Donec odio justo, sollicitudin ut, suscipit a, feugiat et, eros. Vestibulum ac est lacinia nisi venenatis tristique.', 31, 36, 44, 30, 1);
insert into Message (comid, datesent, subject, content, patientid, doctorid, coachid, repid, deleted) values (46, '2023-12-04', 'tristique', 'Sed sagittis.', 25, 26, 23, 8, 1);
insert into Message (comid, datesent, subject, content, patientid, doctorid, coachid, repid, deleted) values (47, '2023-12-04', 'in hac habitasse', 'Cras pellentesque volutpat dui.', 5, 6, 51, 37, 0);
insert into Message (comid, datesent, subject, content, patientid, doctorid, coachid, repid, deleted) values (48, '2023-12-04', 'parturient montes', 'Donec ut dolor.', 49, 3, 25, 50, 1);
insert into Message (comid, datesent, subject, content, patientid, doctorid, coachid, repid, deleted) values (49, '2023-12-04', 'primis in', 'Maecenas tristique, est et tempus semper, est quam pharetra magna, ac consequat metus sapien ut nunc. Vestibulum ante ipsum primis in faucibus orci luctus et ultrices posuere cubilia Curae; Mauris viverra diam vitae quam.', 4, 3, 4, 43, 1);
insert into Message (comid, datesent, subject, content, patientid, doctorid, coachid, repid, deleted) values (50, '2023-12-04', 'nulla', 'Vestibulum ac est lacinia nisi venenatis tristique. Fusce congue, diam id ornare imperdiet, sapien urna pretium nisl, ut volutpat sapien arcu sed augue. Aliquam erat volutpat.', 2, 39, 28, 23, 1);
insert into Message (comid, datesent, subject, content, patientid, doctorid, coachid, repid, deleted) values (51, '2023-12-04', 'et eros vestibulum ac est', 'Mauris ullamcorper purus sit amet nulla. Quisque arcu libero, rutrum ac, lobortis vel, dapibus at, diam. Nam tristique tortor eu pede.', 20, 13, 53, 31, 1);
insert into Message (comid, datesent, subject, content, patientid, doctorid, coachid, repid, deleted) values (52, '2023-12-04', 'eros viverra', 'Maecenas tristique, est et tempus semper, est quam pharetra magna, ac consequat metus sapien ut nunc.', 49, 43, 3, 8, 0);
insert into Message (comid, datesent, subject, content, patientid, doctorid, coachid, repid, deleted) values (53, '2023-12-04', 'turpis eget elit sodales', 'Phasellus sit amet erat. Nulla tempus.', 45, 15, 23, 41, 1);
insert into Message (comid, datesent, subject, content, patientid, doctorid, coachid, repid, deleted) values (54, '2023-12-04', 'neque libero convallis eget', 'Fusce posuere felis sed lacus. Morbi sem mauris, laoreet ut, rhoncus aliquet, pulvinar sed, nisl.', 26, 52, 2, 10, 0);
insert into Message (comid, datesent, subject, content, patientid, doctorid, coachid, repid, deleted) values (55, '2023-12-04', 'quis orci', 'Curabitur gravida nisi at nibh. In hac habitasse platea dictumst.', 43, 60, 8, 20, 1);
insert into Message (comid, datesent, subject, content, patientid, doctorid, coachid, repid, deleted) values (56, '2023-12-04', 'pulvinar lobortis est phasellus', 'Pellentesque ultrices mattis odio. Donec vitae nisi.', 52, 54, 21, 36, 0);
insert into Message (comid, datesent, subject, content, patientid, doctorid, coachid, repid, deleted) values (57, '2023-12-04', 'mauris non', 'Fusce congue, diam id ornare imperdiet, sapien urna pretium nisl, ut volutpat sapien arcu sed augue. Aliquam erat volutpat. In congue.', 22, 50, 50, 37, 0);
insert into Message (comid, datesent, subject, content, patientid, doctorid, coachid, repid, deleted) values (58, '2023-12-04', 'eu', 'In tempor, turpis nec euismod scelerisque, quam turpis adipiscing lorem, vitae mattis nibh ligula nec sem. Duis aliquam convallis nunc. Proin at turpis a pede posuere nonummy.', 39, 56, 52, 41, 0);
insert into Message (comid, datesent, subject, content, patientid, doctorid, coachid, repid, deleted) values (59, '2023-12-04', 'ultrices enim', 'Sed sagittis. Nam congue, risus semper porta volutpat, quam pede lobortis ligula, sit amet eleifend pede libero quis orci. Nullam molestie nibh in lectus.', 2, 55, 11, 48, 1);
insert into Message (comid, datesent, subject, content, patientid, doctorid, coachid, repid, deleted) values (60, '2023-12-04', 'non lectus aliquam sit amet', 'Curabitur convallis.', 20, 2, 15, 3, 1);

-- Billing Records
insert into BillingRecord (billingrecordid, description, amount, patientid, planid, paid) values (1, 'Donec diam neque, vestibulum eget, vulputate ut, ultrices vel, augue. Vestibulum ante ipsum primis in faucibus orci luctus et ultrices posuere cubilia Curae; Donec pharetra, magna vestibulum aliquet ultrices, erat tortor sollicitudin mi, sit amet lobortis sapien sapien non mi.', 186, 6, 50, 1);
insert into BillingRecord (billingrecordid, description, amount, patientid, planid, paid) values (2, 'In est risus, auctor sed, tristique in, tempus sit amet, sem.', 408, 20, 21, 1);
insert into BillingRecord (billingrecordid, description, amount, patientid, planid, paid) values (3, 'In eleifend quam a odio.', 277, 47, 42, 1);
insert into BillingRecord (billingrecordid, description, amount, patientid, planid, paid) values (4, 'Aenean auctor gravida sem. Praesent id massa id nisl venenatis lacinia.', 440, 50, 44, 1);
insert into BillingRecord (billingrecordid, description, amount, patientid, planid, paid) values (5, 'Curabitur in libero ut massa volutpat convallis. Morbi odio odio, elementum eu, interdum eu, tincidunt in, leo.', 140, 28, 6, 1);
insert into BillingRecord (billingrecordid, description, amount, patientid, planid, paid) values (6, 'Maecenas tincidunt lacus at velit. Vivamus vel nulla eget eros elementum pellentesque.', 600, 53, 36, 0);
insert into BillingRecord (billingrecordid, description, amount, patientid, planid, paid) values (7, 'Morbi quis tortor id nulla ultrices aliquet.', 676, 44, 30, 0);
insert into BillingRecord (billingrecordid, description, amount, patientid, planid, paid) values (8, 'In tempor, turpis nec euismod scelerisque, quam turpis adipiscing lorem, vitae mattis nibh ligula nec sem. Duis aliquam convallis nunc.', 163, 6, 3, 0);
insert into BillingRecord (billingrecordid, description, amount, patientid, planid, paid) values (9, 'Nullam molestie nibh in lectus.', 391, 9, 6, 0);
insert into BillingRecord (billingrecordid, description, amount, patientid, planid, paid) values (10, 'Aenean lectus. Pellentesque eget nunc.', 347, 40, 54, 0);
insert into BillingRecord (billingrecordid, description, amount, patientid, planid, paid) values (11, 'Donec quis orci eget orci vehicula condimentum. Curabitur in libero ut massa volutpat convallis.', 132, 45, 13, 0);
insert into BillingRecord (billingrecordid, description, amount, patientid, planid, paid) values (12, 'Vestibulum ante ipsum primis in faucibus orci luctus et ultrices posuere cubilia Curae; Duis faucibus accumsan odio.', 416, 29, 40, 1);
insert into BillingRecord (billingrecordid, description, amount, patientid, planid, paid) values (13, 'In hac habitasse platea dictumst. Maecenas ut massa quis augue luctus tincidunt.', 853, 4, 6, 0);
insert into BillingRecord (billingrecordid, description, amount, patientid, planid, paid) values (14, 'Aenean fermentum.', 468, 34, 10, 0);
insert into BillingRecord (billingrecordid, description, amount, patientid, planid, paid) values (15, 'Nullam sit amet turpis elementum ligula vehicula consequat.', 834, 22, 23, 1);
insert into BillingRecord (billingrecordid, description, amount, patientid, planid, paid) values (16, 'Morbi vel lectus in quam fringilla rhoncus. Mauris enim leo, rhoncus sed, vestibulum sit amet, cursus id, turpis.', 62, 19, 16, 0);
insert into BillingRecord (billingrecordid, description, amount, patientid, planid, paid) values (17, 'Aliquam erat volutpat. In congue.', 929, 38, 6, 0);
insert into BillingRecord (billingrecordid, description, amount, patientid, planid, paid) values (18, 'Donec semper sapien a libero.', 719, 8, 58, 1);
insert into BillingRecord (billingrecordid, description, amount, patientid, planid, paid) values (19, 'Nulla nisl. Nunc nisl.', 658, 43, 53, 1);
insert into BillingRecord (billingrecordid, description, amount, patientid, planid, paid) values (20, 'Donec diam neque, vestibulum eget, vulputate ut, ultrices vel, augue.', 305, 31, 46, 0);
insert into BillingRecord (billingrecordid, description, amount, patientid, planid, paid) values (21, 'Nulla tellus.', 717, 38, 59, 0);
insert into BillingRecord (billingrecordid, description, amount, patientid, planid, paid) values (22, 'Duis bibendum, felis sed interdum venenatis, turpis enim blandit mi, in porttitor pede justo eu massa.', 473, 15, 25, 1);
insert into BillingRecord (billingrecordid, description, amount, patientid, planid, paid) values (23, 'Aliquam non mauris. Morbi non lectus.', 372, 40, 11, 1);
insert into BillingRecord (billingrecordid, description, amount, patientid, planid, paid) values (24, 'Donec diam neque, vestibulum eget, vulputate ut, ultrices vel, augue. Vestibulum ante ipsum primis in faucibus orci luctus et ultrices posuere cubilia Curae; Donec pharetra, magna vestibulum aliquet ultrices, erat tortor sollicitudin mi, sit amet lobortis sapien sapien non mi.', 634, 35, 23, 0);
insert into BillingRecord (billingrecordid, description, amount, patientid, planid, paid) values (25, 'Curabitur convallis.', 965, 17, 37, 0);
insert into BillingRecord (billingrecordid, description, amount, patientid, planid, paid) values (26, 'Fusce congue, diam id ornare imperdiet, sapien urna pretium nisl, ut volutpat sapien arcu sed augue. Aliquam erat volutpat.', 437, 51, 20, 1);
insert into BillingRecord (billingrecordid, description, amount, patientid, planid, paid) values (27, 'Nulla facilisi. Cras non velit nec nisi vulputate nonummy.', 666, 25, 4, 1);
insert into BillingRecord (billingrecordid, description, amount, patientid, planid, paid) values (28, 'In tempor, turpis nec euismod scelerisque, quam turpis adipiscing lorem, vitae mattis nibh ligula nec sem. Duis aliquam convallis nunc.', 142, 54, 40, 0);
insert into BillingRecord (billingrecordid, description, amount, patientid, planid, paid) values (29, 'Aliquam non mauris. Morbi non lectus.', 837, 45, 59, 0);
insert into BillingRecord (billingrecordid, description, amount, patientid, planid, paid) values (30, 'In hac habitasse platea dictumst.', 576, 26, 51, 0);
insert into BillingRecord (billingrecordid, description, amount, patientid, planid, paid) values (31, 'In hac habitasse platea dictumst. Etiam faucibus cursus urna.', 393, 34, 5, 1);
insert into BillingRecord (billingrecordid, description, amount, patientid, planid, paid) values (32, 'Duis consequat dui nec nisi volutpat eleifend.', 295, 34, 59, 0);
insert into BillingRecord (billingrecordid, description, amount, patientid, planid, paid) values (33, 'Donec dapibus.', 299, 51, 40, 1);
insert into BillingRecord (billingrecordid, description, amount, patientid, planid, paid) values (34, 'Mauris enim leo, rhoncus sed, vestibulum sit amet, cursus id, turpis.', 194, 52, 46, 0);
insert into BillingRecord (billingrecordid, description, amount, patientid, planid, paid) values (35, 'Integer aliquet, massa id lobortis convallis, tortor risus dapibus augue, vel accumsan tellus nisi eu orci. Mauris lacinia sapien quis libero.', 793, 43, 32, 0);
insert into BillingRecord (billingrecordid, description, amount, patientid, planid, paid) values (36, 'Mauris ullamcorper purus sit amet nulla. Quisque arcu libero, rutrum ac, lobortis vel, dapibus at, diam.', 901, 20, 24, 1);
insert into BillingRecord (billingrecordid, description, amount, patientid, planid, paid) values (37, 'Cras non velit nec nisi vulputate nonummy. Maecenas tincidunt lacus at velit.', 235, 32, 12, 1);
insert into BillingRecord (billingrecordid, description, amount, patientid, planid, paid) values (38, 'Nulla facilisi.', 752, 52, 34, 1);
insert into BillingRecord (billingrecordid, description, amount, patientid, planid, paid) values (39, 'Phasellus id sapien in sapien iaculis congue. Vivamus metus arcu, adipiscing molestie, hendrerit at, vulputate vitae, nisl.', 811, 5, 43, 0);
insert into BillingRecord (billingrecordid, description, amount, patientid, planid, paid) values (40, 'Sed sagittis.', 168, 55, 28, 1);
insert into BillingRecord (billingrecordid, description, amount, patientid, planid, paid) values (41, 'Vestibulum quam sapien, varius ut, blandit non, interdum in, ante.', 23, 48, 53, 0);
insert into BillingRecord (billingrecordid, description, amount, patientid, planid, paid) values (42, 'Mauris sit amet eros. Suspendisse accumsan tortor quis turpis.', 821, 25, 50, 0);
insert into BillingRecord (billingrecordid, description, amount, patientid, planid, paid) values (43, 'In hac habitasse platea dictumst. Etiam faucibus cursus urna.', 167, 42, 21, 1);
insert into BillingRecord (billingrecordid, description, amount, patientid, planid, paid) values (44, 'Quisque id justo sit amet sapien dignissim vestibulum. Vestibulum ante ipsum primis in faucibus orci luctus et ultrices posuere cubilia Curae; Nulla dapibus dolor vel est.', 971, 16, 6, 0);
insert into BillingRecord (billingrecordid, description, amount, patientid, planid, paid) values (45, 'Suspendisse potenti.', 761, 53, 18, 1);
insert into BillingRecord (billingrecordid, description, amount, patientid, planid, paid) values (46, 'Suspendisse accumsan tortor quis turpis. Sed ante.', 497, 8, 34, 0);
insert into BillingRecord (billingrecordid, description, amount, patientid, planid, paid) values (47, 'Maecenas tincidunt lacus at velit.', 564, 15, 24, 1);
insert into BillingRecord (billingrecordid, description, amount, patientid, planid, paid) values (48, 'Nulla tempus. Vivamus in felis eu sapien cursus vestibulum.', 191, 32, 5, 1);
insert into BillingRecord (billingrecordid, description, amount, patientid, planid, paid) values (49, 'Fusce posuere felis sed lacus. Morbi sem mauris, laoreet ut, rhoncus aliquet, pulvinar sed, nisl.', 931, 39, 12, 0);
insert into BillingRecord (billingrecordid, description, amount, patientid, planid, paid) values (50, 'Morbi vestibulum, velit id pretium iaculis, diam erat fermentum justo, nec condimentum neque sapien placerat ante. Nulla justo.', 987, 4, 16, 0);
insert into BillingRecord (billingrecordid, description, amount, patientid, planid, paid) values (51, 'Etiam justo. Etiam pretium iaculis justo.', 808, 45, 50, 0);
insert into BillingRecord (billingrecordid, description, amount, patientid, planid, paid) values (52, 'Nulla tempus.', 837, 27, 30, 1);
insert into BillingRecord (billingrecordid, description, amount, patientid, planid, paid) values (53, 'Sed ante.', 102, 6, 19, 1);
insert into BillingRecord (billingrecordid, description, amount, patientid, planid, paid) values (54, 'Morbi ut odio. Cras mi pede, malesuada in, imperdiet et, commodo vulputate, justo.', 894, 32, 16, 1);
insert into BillingRecord (billingrecordid, description, amount, patientid, planid, paid) values (55, 'In quis justo.', 876, 19, 3, 1);
insert into BillingRecord (billingrecordid, description, amount, patientid, planid, paid) values (56, 'Suspendisse accumsan tortor quis turpis. Sed ante.', 26, 3, 18, 1);
insert into BillingRecord (billingrecordid, description, amount, patientid, planid, paid) values (57, 'Maecenas tristique, est et tempus semper, est quam pharetra magna, ac consequat metus sapien ut nunc.', 380, 14, 58, 0);
insert into BillingRecord (billingrecordid, description, amount, patientid, planid, paid) values (58, 'Donec ut mauris eget massa tempor convallis. Nulla neque libero, convallis eget, eleifend luctus, ultricies eu, nibh.', 593, 59, 12, 0);
insert into BillingRecord (billingrecordid, description, amount, patientid, planid, paid) values (59, 'Proin at turpis a pede posuere nonummy.', 118, 50, 59, 0);
insert into BillingRecord (billingrecordid, description, amount, patientid, planid, paid) values (60, 'Vestibulum ante ipsum primis in faucibus orci luctus et ultrices posuere cubilia Curae; Nulla dapibus dolor vel est. Donec odio justo, sollicitudin ut, suscipit a, feugiat et, eros.', 851, 44, 55, 0);

-- Allergy Record
insert into AllergyRecord (healthrecordid, allergies) values (1, 'Vestibulum ante ipsum primis in faucibus orci luctus et ultrices posuere cubilia Curae; Mauris viverra diam vitae quam.');
insert into AllergyRecord (healthrecordid, allergies) values (2, 'Phasellus sit amet erat.');
insert into AllergyRecord (healthrecordid, allergies) values (3, 'Phasellus in felis.');
insert into AllergyRecord (healthrecordid, allergies) values (4, 'Nam congue, risus semper porta volutpat, quam pede lobortis ligula, sit amet eleifend pede libero quis orci.');
insert into AllergyRecord (healthrecordid, allergies) values (5, 'Praesent blandit.');
insert into AllergyRecord (healthrecordid, allergies) values (6, 'Integer tincidunt ante vel ipsum.');
insert into AllergyRecord (healthrecordid, allergies) values (7, 'Proin at turpis a pede posuere nonummy.');
insert into AllergyRecord (healthrecordid, allergies) values (8, 'Praesent blandit lacinia erat.');
insert into AllergyRecord (healthrecordid, allergies) values (9, 'Maecenas pulvinar lobortis est.');
insert into AllergyRecord (healthrecordid, allergies) values (10, 'Duis at velit eu est congue elementum.');
insert into AllergyRecord (healthrecordid, allergies) values (11, 'Quisque arcu libero, rutrum ac, lobortis vel, dapibus at, diam.');
insert into AllergyRecord (healthrecordid, allergies) values (12, 'Curabitur gravida nisi at nibh.');
insert into AllergyRecord (healthrecordid, allergies) values (13, 'Donec dapibus.');
insert into AllergyRecord (healthrecordid, allergies) values (14, 'Maecenas leo odio, condimentum id, luctus nec, molestie sed, justo.');
insert into AllergyRecord (healthrecordid, allergies) values (15, 'Proin interdum mauris non ligula pellentesque ultrices.');
insert into AllergyRecord (healthrecordid, allergies) values (16, 'Vestibulum quam sapien, varius ut, blandit non, interdum in, ante.');
insert into AllergyRecord (healthrecordid, allergies) values (17, 'Morbi porttitor lorem id ligula.');
insert into AllergyRecord (healthrecordid, allergies) values (18, 'Morbi vel lectus in quam fringilla rhoncus.');
insert into AllergyRecord (healthrecordid, allergies) values (19, 'Nulla justo.');
insert into AllergyRecord (healthrecordid, allergies) values (20, 'Curabitur convallis.');
insert into AllergyRecord (healthrecordid, allergies) values (21, 'Donec ut mauris eget massa tempor convallis.');
insert into AllergyRecord (healthrecordid, allergies) values (22, 'In quis justo.');
insert into AllergyRecord (healthrecordid, allergies) values (23, 'Sed accumsan felis.');
insert into AllergyRecord (healthrecordid, allergies) values (24, 'Sed accumsan felis.');
insert into AllergyRecord (healthrecordid, allergies) values (25, 'In hac habitasse platea dictumst.');
insert into AllergyRecord (healthrecordid, allergies) values (26, 'Vivamus vel nulla eget eros elementum pellentesque.');
insert into AllergyRecord (healthrecordid, allergies) values (27, 'Proin risus.');
insert into AllergyRecord (healthrecordid, allergies) values (28, 'Nullam sit amet turpis elementum ligula vehicula consequat.');
insert into AllergyRecord (healthrecordid, allergies) values (29, 'Quisque ut erat.');
insert into AllergyRecord (healthrecordid, allergies) values (30, 'In sagittis dui vel nisl.');
insert into AllergyRecord (healthrecordid, allergies) values (31, 'Vivamus in felis eu sapien cursus vestibulum.');
insert into AllergyRecord (healthrecordid, allergies) values (32, 'Pellentesque viverra pede ac diam.');
insert into AllergyRecord (healthrecordid, allergies) values (33, 'In est risus, auctor sed, tristique in, tempus sit amet, sem.');
insert into AllergyRecord (healthrecordid, allergies) values (34, 'Curabitur gravida nisi at nibh.');
insert into AllergyRecord (healthrecordid, allergies) values (35, 'Integer tincidunt ante vel ipsum.');
insert into AllergyRecord (healthrecordid, allergies) values (36, 'Donec posuere metus vitae ipsum.');
insert into AllergyRecord (healthrecordid, allergies) values (37, 'Sed accumsan felis.');
insert into AllergyRecord (healthrecordid, allergies) values (38, 'Duis mattis egestas metus.');
insert into AllergyRecord (healthrecordid, allergies) values (39, 'Nulla mollis molestie lorem.');
insert into AllergyRecord (healthrecordid, allergies) values (40, 'Nulla tempus.');
insert into AllergyRecord (healthrecordid, allergies) values (41, 'Nullam porttitor lacus at turpis.');
insert into AllergyRecord (healthrecordid, allergies) values (42, 'Suspendisse potenti.');
insert into AllergyRecord (healthrecordid, allergies) values (43, 'Vestibulum sed magna at nunc commodo placerat.');
insert into AllergyRecord (healthrecordid, allergies) values (44, 'Nam nulla.');
insert into AllergyRecord (healthrecordid, allergies) values (45, 'Fusce consequat.');
insert into AllergyRecord (healthrecordid, allergies) values (46, 'Nunc purus.');
insert into AllergyRecord (healthrecordid, allergies) values (47, 'Maecenas ut massa quis augue luctus tincidunt.');
insert into AllergyRecord (healthrecordid, allergies) values (48, 'In est risus, auctor sed, tristique in, tempus sit amet, sem.');
insert into AllergyRecord (healthrecordid, allergies) values (49, 'Cum sociis natoque penatibus et magnis dis parturient montes, nascetur ridiculus mus.');
insert into AllergyRecord (healthrecordid, allergies) values (50, 'Donec ut dolor.');
insert into AllergyRecord (healthrecordid, allergies) values (51, 'Praesent blandit.');
insert into AllergyRecord (healthrecordid, allergies) values (52, 'In hac habitasse platea dictumst.');
insert into AllergyRecord (healthrecordid, allergies) values (53, 'Nulla tempus.');
insert into AllergyRecord (healthrecordid, allergies) values (54, 'Suspendisse ornare consequat lectus.');
insert into AllergyRecord (healthrecordid, allergies) values (55, 'In hac habitasse platea dictumst.');
insert into AllergyRecord (healthrecordid, allergies) values (56, 'Phasellus id sapien in sapien iaculis congue.');
insert into AllergyRecord (healthrecordid, allergies) values (57, 'Duis ac nibh.');
insert into AllergyRecord (healthrecordid, allergies) values (58, 'Proin leo odio, porttitor id, consequat in, consequat ut, nulla.');
insert into AllergyRecord (healthrecordid, allergies) values (59, 'In eleifend quam a odio.');
insert into AllergyRecord (healthrecordid, allergies) values (60, 'Lorem ipsum dolor sit amet, consectetuer adipiscing elit.');


-- Notifications
insert into Notifications (notificationid, content, status, timesent, patientid, visitid, testid, deleted) values (1, 'Praesent blandit.', 'consequat', '3:04 AM', 21, 6, 23, 0);
insert into Notifications (notificationid, content, status, timesent, patientid, visitid, testid, deleted) values (2, 'Quisque erat eros, viverra eget, congue eget, semper rutrum, nulla.', 'pede', '1:51 AM', 47, 59, 33, 0);
insert into Notifications (notificationid, content, status, timesent, patientid, visitid, testid, deleted) values (3, 'Cras pellentesque volutpat dui.', 'et', '6:11 PM', 17, 17, 54, 0);
insert into Notifications (notificationid, content, status, timesent, patientid, visitid, testid, deleted) values (4, 'Phasellus sit amet erat.', 'adipiscing', '8:46 AM', 15, 50, 54, 1);
insert into Notifications (notificationid, content, status, timesent, patientid, visitid, testid, deleted) values (5, 'Donec posuere metus vitae ipsum.', 'libero', '3:43 PM', 40, 17, 10, 1);
insert into Notifications (notificationid, content, status, timesent, patientid, visitid, testid, deleted) values (6, 'Duis consequat dui nec nisi volutpat eleifend.', 'curae', '8:51 PM', 22, 4, 17, 1);
insert into Notifications (notificationid, content, status, timesent, patientid, visitid, testid, deleted) values (7, 'Proin at turpis a pede posuere nonummy.', 'at', '8:09 PM', 33, 36, 4, 0);
insert into Notifications (notificationid, content, status, timesent, patientid, visitid, testid, deleted) values (8, 'Nullam varius.', 'semper', '10:07 AM', 48, 50, 18, 1);
insert into Notifications (notificationid, content, status, timesent, patientid, visitid, testid, deleted) values (9, 'Nam dui.', 'aliquam', '9:22 PM', 46, 43, 52, 1);
insert into Notifications (notificationid, content, status, timesent, patientid, visitid, testid, deleted) values (10, 'Fusce lacus purus, aliquet at, feugiat non, pretium quis, lectus.', 'pellentesque', '8:35 AM', 31, 3, 49, 0);
insert into Notifications (notificationid, content, status, timesent, patientid, visitid, testid, deleted) values (11, 'Maecenas leo odio, condimentum id, luctus nec, molestie sed, justo.', 'dui', '11:18 PM', 54, 46, 40, 0);
insert into Notifications (notificationid, content, status, timesent, patientid, visitid, testid, deleted) values (12, 'Morbi odio odio, elementum eu, interdum eu, tincidunt in, leo.', 'nisi', '11:34 PM', 54, 33, 59, 1);
insert into Notifications (notificationid, content, status, timesent, patientid, visitid, testid, deleted) values (13, 'Donec diam neque, vestibulum eget, vulputate ut, ultrices vel, augue.', 'ut', '11:47 AM', 18, 55, 6, 0);
insert into Notifications (notificationid, content, status, timesent, patientid, visitid, testid, deleted) values (14, 'Aliquam erat volutpat.', 'morbi', '12:59 AM', 20, 59, 5, 0);
insert into Notifications (notificationid, content, status, timesent, patientid, visitid, testid, deleted) values (15, 'Vestibulum ante ipsum primis in faucibus orci luctus et ultrices posuere cubilia Curae; Donec pharetra, magna vestibulum aliquet ultrices, erat tortor sollicitudin mi, sit amet lobortis sapien sapien non mi.', 'neque', '6:53 AM', 13, 36, 32, 1);
insert into Notifications (notificationid, content, status, timesent, patientid, visitid, testid, deleted) values (16, 'Maecenas tristique, est et tempus semper, est quam pharetra magna, ac consequat metus sapien ut nunc.', 'eu', '3:45 AM', 57, 11, 52, 1);
insert into Notifications (notificationid, content, status, timesent, patientid, visitid, testid, deleted) values (17, 'Curabitur at ipsum ac tellus semper interdum.', 'libero', '1:46 PM', 9, 4, 9, 1);
insert into Notifications (notificationid, content, status, timesent, patientid, visitid, testid, deleted) values (18, 'Praesent lectus.', 'sed', '7:07 AM', 48, 36, 35, 0);
insert into Notifications (notificationid, content, status, timesent, patientid, visitid, testid, deleted) values (19, 'Vivamus metus arcu, adipiscing molestie, hendrerit at, vulputate vitae, nisl.', 'semper', '6:28 AM', 53, 20, 33, 0);
insert into Notifications (notificationid, content, status, timesent, patientid, visitid, testid, deleted) values (20, 'Maecenas rhoncus aliquam lacus.', 'nulla', '1:02 PM', 3, 20, 14, 0);
insert into Notifications (notificationid, content, status, timesent, patientid, visitid, testid, deleted) values (21, 'Vestibulum quam sapien, varius ut, blandit non, interdum in, ante.', 'cras', '10:13 AM', 31, 48, 18, 1);
insert into Notifications (notificationid, content, status, timesent, patientid, visitid, testid, deleted) values (22, 'Nulla facilisi.', 'feugiat', '2:49 AM', 54, 43, 46, 0);
insert into Notifications (notificationid, content, status, timesent, patientid, visitid, testid, deleted) values (23, 'Nulla nisl.', 'velit', '1:50 PM', 2, 25, 59, 0);
insert into Notifications (notificationid, content, status, timesent, patientid, visitid, testid, deleted) values (24, 'Cras pellentesque volutpat dui.', 'ut', '9:05 AM', 24, 30, 17, 1);
insert into Notifications (notificationid, content, status, timesent, patientid, visitid, testid, deleted) values (25, 'Aenean lectus.', 'nunc', '11:02 AM', 4, 22, 2, 0);
insert into Notifications (notificationid, content, status, timesent, patientid, visitid, testid, deleted) values (26, 'Ut at dolor quis odio consequat varius.', 'quam', '8:00 AM', 17, 9, 19, 0);
insert into Notifications (notificationid, content, status, timesent, patientid, visitid, testid, deleted) values (27, 'In quis justo.', 'in', '5:10 AM', 16, 11, 47, 0);
insert into Notifications (notificationid, content, status, timesent, patientid, visitid, testid, deleted) values (28, 'Vivamus tortor.', 'nunc', '2:56 PM', 21, 19, 8, 0);
insert into Notifications (notificationid, content, status, timesent, patientid, visitid, testid, deleted) values (29, 'Nulla tellus.', 'ut', '4:24 PM', 60, 14, 15, 1);
insert into Notifications (notificationid, content, status, timesent, patientid, visitid, testid, deleted) values (30, 'Proin at turpis a pede posuere nonummy.', 'quam', '10:01 PM', 17, 56, 16, 0);
insert into Notifications (notificationid, content, status, timesent, patientid, visitid, testid, deleted) values (31, 'Ut tellus.', 'nunc', '4:59 AM', 33, 12, 52, 0);
insert into Notifications (notificationid, content, status, timesent, patientid, visitid, testid, deleted) values (32, 'Nullam molestie nibh in lectus.', 'dui', '10:26 AM', 13, 24, 43, 0);
insert into Notifications (notificationid, content, status, timesent, patientid, visitid, testid, deleted) values (33, 'Curabitur gravida nisi at nibh.', 'luctus', '2:27 AM', 5, 51, 8, 1);
insert into Notifications (notificationid, content, status, timesent, patientid, visitid, testid, deleted) values (34, 'Lorem ipsum dolor sit amet, consectetuer adipiscing elit.', 'luctus', '11:16 AM', 38, 32, 42, 0);
insert into Notifications (notificationid, content, status, timesent, patientid, visitid, testid, deleted) values (35, 'Vestibulum ante ipsum primis in faucibus orci luctus et ultrices posuere cubilia Curae; Duis faucibus accumsan odio.', 'phasellus', '2:37 PM', 24, 6, 52, 0);
insert into Notifications (notificationid, content, status, timesent, patientid, visitid, testid, deleted) values (36, 'Maecenas pulvinar lobortis est.', 'morbi', '3:13 AM', 60, 48, 35, 0);
insert into Notifications (notificationid, content, status, timesent, patientid, visitid, testid, deleted) values (37, 'Fusce posuere felis sed lacus.', 'et', '6:55 PM', 50, 41, 50, 0);
insert into Notifications (notificationid, content, status, timesent, patientid, visitid, testid, deleted) values (38, 'Nullam sit amet turpis elementum ligula vehicula consequat.', 'hac', '3:41 AM', 47, 16, 14, 0);
insert into Notifications (notificationid, content, status, timesent, patientid, visitid, testid, deleted) values (39, 'Maecenas rhoncus aliquam lacus.', 'lectus', '11:32 PM', 54, 51, 18, 1);
insert into Notifications (notificationid, content, status, timesent, patientid, visitid, testid, deleted) values (40, 'Pellentesque at nulla.', 'morbi', '1:31 AM', 21, 47, 37, 0);
insert into Notifications (notificationid, content, status, timesent, patientid, visitid, testid, deleted) values (41, 'Donec odio justo, sollicitudin ut, suscipit a, feugiat et, eros.', 'molestie', '4:19 PM', 15, 16, 46, 1);
insert into Notifications (notificationid, content, status, timesent, patientid, visitid, testid, deleted) values (42, 'Nulla ac enim.', 'augue', '5:42 AM', 55, 43, 53, 1);
insert into Notifications (notificationid, content, status, timesent, patientid, visitid, testid, deleted) values (43, 'Nam congue, risus semper porta volutpat, quam pede lobortis ligula, sit amet eleifend pede libero quis orci.', 'diam', '6:40 AM', 2, 11, 9, 1);
insert into Notifications (notificationid, content, status, timesent, patientid, visitid, testid, deleted) values (44, 'Aliquam sit amet diam in magna bibendum imperdiet.', 'praesent', '8:38 PM', 2, 3, 58, 0);
insert into Notifications (notificationid, content, status, timesent, patientid, visitid, testid, deleted) values (45, 'Morbi sem mauris, laoreet ut, rhoncus aliquet, pulvinar sed, nisl.', 'metus', '7:53 PM', 25, 1, 54, 0);
insert into Notifications (notificationid, content, status, timesent, patientid, visitid, testid, deleted) values (46, 'Aliquam augue quam, sollicitudin vitae, consectetuer eget, rutrum at, lorem.', 'turpis', '12:29 AM', 44, 15, 22, 1);
insert into Notifications (notificationid, content, status, timesent, patientid, visitid, testid, deleted) values (47, 'Nulla tellus.', 'convallis', '3:03 AM', 50, 24, 58, 1);
insert into Notifications (notificationid, content, status, timesent, patientid, visitid, testid, deleted) values (48, 'Nullam varius.', 'venenatis', '9:22 AM', 44, 11, 42, 1);
insert into Notifications (notificationid, content, status, timesent, patientid, visitid, testid, deleted) values (49, 'Nunc rhoncus dui vel sem.', 'augue', '4:55 AM', 32, 24, 60, 1);
insert into Notifications (notificationid, content, status, timesent, patientid, visitid, testid, deleted) values (50, 'Vivamus metus arcu, adipiscing molestie, hendrerit at, vulputate vitae, nisl.', 'integer', '1:59 PM', 4, 28, 31, 1);
insert into Notifications (notificationid, content, status, timesent, patientid, visitid, testid, deleted) values (51, 'Fusce congue, diam id ornare imperdiet, sapien urna pretium nisl, ut volutpat sapien arcu sed augue.', 'a', '5:43 PM', 18, 39, 8, 1);
insert into Notifications (notificationid, content, status, timesent, patientid, visitid, testid, deleted) values (52, 'Nunc purus.', 'gravida', '3:40 AM', 51, 24, 46, 1);
insert into Notifications (notificationid, content, status, timesent, patientid, visitid, testid, deleted) values (53, 'Curabitur in libero ut massa volutpat convallis.', 'quisque', '10:14 AM', 3, 29, 30, 0);
insert into Notifications (notificationid, content, status, timesent, patientid, visitid, testid, deleted) values (54, 'Suspendisse accumsan tortor quis turpis.', 'convallis', '3:08 AM', 47, 2, 41, 1);
insert into Notifications (notificationid, content, status, timesent, patientid, visitid, testid, deleted) values (55, 'Maecenas leo odio, condimentum id, luctus nec, molestie sed, justo.', 'rhoncus', '3:47 PM', 30, 33, 17, 1);
insert into Notifications (notificationid, content, status, timesent, patientid, visitid, testid, deleted) values (56, 'Pellentesque viverra pede ac diam.', 'phasellus', '2:32 PM', 9, 10, 24, 1);
insert into Notifications (notificationid, content, status, timesent, patientid, visitid, testid, deleted) values (57, 'Fusce lacus purus, aliquet at, feugiat non, pretium quis, lectus.', 'consequat', '5:19 PM', 35, 57, 30, 0);
insert into Notifications (notificationid, content, status, timesent, patientid, visitid, testid, deleted) values (58, 'Curabitur convallis.', 'mauris', '12:26 AM', 1, 57, 43, 0);
insert into Notifications (notificationid, content, status, timesent, patientid, visitid, testid, deleted) values (59, 'Vestibulum ante ipsum primis in faucibus orci luctus et ultrices posuere cubilia Curae; Mauris viverra diam vitae quam.', 'tellus', '10:01 PM', 54, 22, 50, 1);
insert into Notifications (notificationid, content, status, timesent, patientid, visitid, testid, deleted) values (60, 'Suspendisse potenti.', 'tempus', '1:46 PM', 4, 50, 60, 0);

